--
-- PostgreSQL database dump
--

-- Dumped from database version 15.14 (Debian 15.14-1.pgdg13+1)
-- Dumped by pg_dump version 15.13

SET statement_timeout = 0;
SET lock_timeout = 0;
SET idle_in_transaction_session_timeout = 0;
SET client_encoding = 'UTF8';
SET standard_conforming_strings = on;
SELECT pg_catalog.set_config('search_path', '', false);
SET check_function_bodies = false;
SET xmloption = content;
SET client_min_messages = warning;
SET row_security = off;

SET default_tablespace = '';

SET default_table_access_method = heap;

--
-- Name: auth_group; Type: TABLE; Schema: public; Owner: django_user
--

CREATE TABLE public.auth_group (
    id integer NOT NULL,
    name character varying(150) NOT NULL
);


ALTER TABLE public.auth_group OWNER TO django_user;

--
-- Name: auth_group_id_seq; Type: SEQUENCE; Schema: public; Owner: django_user
--

ALTER TABLE public.auth_group ALTER COLUMN id ADD GENERATED BY DEFAULT AS IDENTITY (
    SEQUENCE NAME public.auth_group_id_seq
    START WITH 1
    INCREMENT BY 1
    NO MINVALUE
    NO MAXVALUE
    CACHE 1
);


--
-- Name: auth_group_permissions; Type: TABLE; Schema: public; Owner: django_user
--

CREATE TABLE public.auth_group_permissions (
    id integer NOT NULL,
    group_id integer NOT NULL,
    permission_id integer NOT NULL
);


ALTER TABLE public.auth_group_permissions OWNER TO django_user;

--
-- Name: auth_group_permissions_id_seq; Type: SEQUENCE; Schema: public; Owner: django_user
--

ALTER TABLE public.auth_group_permissions ALTER COLUMN id ADD GENERATED BY DEFAULT AS IDENTITY (
    SEQUENCE NAME public.auth_group_permissions_id_seq
    START WITH 1
    INCREMENT BY 1
    NO MINVALUE
    NO MAXVALUE
    CACHE 1
);


--
-- Name: auth_permission; Type: TABLE; Schema: public; Owner: django_user
--

CREATE TABLE public.auth_permission (
    id integer NOT NULL,
    name character varying(255) NOT NULL,
    content_type_id integer NOT NULL,
    codename character varying(100) NOT NULL
);


ALTER TABLE public.auth_permission OWNER TO django_user;

--
-- Name: auth_permission_id_seq; Type: SEQUENCE; Schema: public; Owner: django_user
--

ALTER TABLE public.auth_permission ALTER COLUMN id ADD GENERATED BY DEFAULT AS IDENTITY (
    SEQUENCE NAME public.auth_permission_id_seq
    START WITH 1
    INCREMENT BY 1
    NO MINVALUE
    NO MAXVALUE
    CACHE 1
);


--
-- Name: auth_user; Type: TABLE; Schema: public; Owner: django_user
--

CREATE TABLE public.auth_user (
    id integer NOT NULL,
    password character varying(128) NOT NULL,
    last_login timestamp with time zone,
    is_superuser boolean NOT NULL,
    username character varying(150) NOT NULL,
    first_name character varying(150) NOT NULL,
    last_name character varying(150) NOT NULL,
    email character varying(254) NOT NULL,
    is_staff boolean NOT NULL,
    is_active boolean NOT NULL,
    date_joined timestamp with time zone NOT NULL
);


ALTER TABLE public.auth_user OWNER TO django_user;

--
-- Name: auth_user_groups; Type: TABLE; Schema: public; Owner: django_user
--

CREATE TABLE public.auth_user_groups (
    id integer NOT NULL,
    user_id integer NOT NULL,
    group_id integer NOT NULL
);


ALTER TABLE public.auth_user_groups OWNER TO django_user;

--
-- Name: auth_user_groups_id_seq; Type: SEQUENCE; Schema: public; Owner: django_user
--

ALTER TABLE public.auth_user_groups ALTER COLUMN id ADD GENERATED BY DEFAULT AS IDENTITY (
    SEQUENCE NAME public.auth_user_groups_id_seq
    START WITH 1
    INCREMENT BY 1
    NO MINVALUE
    NO MAXVALUE
    CACHE 1
);


--
-- Name: auth_user_id_seq; Type: SEQUENCE; Schema: public; Owner: django_user
--

ALTER TABLE public.auth_user ALTER COLUMN id ADD GENERATED BY DEFAULT AS IDENTITY (
    SEQUENCE NAME public.auth_user_id_seq
    START WITH 1
    INCREMENT BY 1
    NO MINVALUE
    NO MAXVALUE
    CACHE 1
);


--
-- Name: auth_user_user_permissions; Type: TABLE; Schema: public; Owner: django_user
--

CREATE TABLE public.auth_user_user_permissions (
    id integer NOT NULL,
    user_id integer NOT NULL,
    permission_id integer NOT NULL
);


ALTER TABLE public.auth_user_user_permissions OWNER TO django_user;

--
-- Name: auth_user_user_permissions_id_seq; Type: SEQUENCE; Schema: public; Owner: django_user
--

ALTER TABLE public.auth_user_user_permissions ALTER COLUMN id ADD GENERATED BY DEFAULT AS IDENTITY (
    SEQUENCE NAME public.auth_user_user_permissions_id_seq
    START WITH 1
    INCREMENT BY 1
    NO MINVALUE
    NO MAXVALUE
    CACHE 1
);


--
-- Name: blog_category; Type: TABLE; Schema: public; Owner: django_user
--

CREATE TABLE public.blog_category (
    id bigint NOT NULL,
    is_published boolean NOT NULL,
    created_at timestamp with time zone NOT NULL,
    title character varying(256) NOT NULL,
    slug character varying(64) NOT NULL
);


ALTER TABLE public.blog_category OWNER TO django_user;

--
-- Name: blog_category_id_seq; Type: SEQUENCE; Schema: public; Owner: django_user
--

ALTER TABLE public.blog_category ALTER COLUMN id ADD GENERATED BY DEFAULT AS IDENTITY (
    SEQUENCE NAME public.blog_category_id_seq
    START WITH 1
    INCREMENT BY 1
    NO MINVALUE
    NO MAXVALUE
    CACHE 1
);


--
-- Name: blog_post; Type: TABLE; Schema: public; Owner: django_user
--

CREATE TABLE public.blog_post (
    id bigint NOT NULL,
    is_published boolean NOT NULL,
    created_at timestamp with time zone NOT NULL,
    title character varying(256) NOT NULL,
    text text NOT NULL,
    pub_date timestamp with time zone NOT NULL,
    image character varying(100) NOT NULL,
    author_id integer NOT NULL,
    category_id bigint
);


ALTER TABLE public.blog_post OWNER TO django_user;

--
-- Name: blog_post_id_seq; Type: SEQUENCE; Schema: public; Owner: django_user
--

ALTER TABLE public.blog_post ALTER COLUMN id ADD GENERATED BY DEFAULT AS IDENTITY (
    SEQUENCE NAME public.blog_post_id_seq
    START WITH 1
    INCREMENT BY 1
    NO MINVALUE
    NO MAXVALUE
    CACHE 1
);


--
-- Name: database_dogphoto; Type: TABLE; Schema: public; Owner: django_user
--

CREATE TABLE public.database_dogphoto (
    id bigint NOT NULL,
    image character varying(100) NOT NULL,
    is_main boolean NOT NULL,
    uploaded_at timestamp with time zone NOT NULL,
    animal_id bigint NOT NULL
);


ALTER TABLE public.database_dogphoto OWNER TO django_user;

--
-- Name: database_animalphoto_id_seq; Type: SEQUENCE; Schema: public; Owner: django_user
--

ALTER TABLE public.database_dogphoto ALTER COLUMN id ADD GENERATED BY DEFAULT AS IDENTITY (
    SEQUENCE NAME public.database_animalphoto_id_seq
    START WITH 1
    INCREMENT BY 1
    NO MINVALUE
    NO MAXVALUE
    CACHE 1
);


--
-- Name: database_catdescription; Type: TABLE; Schema: public; Owner: django_user
--

CREATE TABLE public.database_catdescription (
    id bigint NOT NULL,
    bio text NOT NULL,
    "character" text NOT NULL,
    best_owner text,
    cat_id bigint NOT NULL
);


ALTER TABLE public.database_catdescription OWNER TO django_user;

--
-- Name: database_catdescription_id_seq; Type: SEQUENCE; Schema: public; Owner: django_user
--

ALTER TABLE public.database_catdescription ALTER COLUMN id ADD GENERATED BY DEFAULT AS IDENTITY (
    SEQUENCE NAME public.database_catdescription_id_seq
    START WITH 1
    INCREMENT BY 1
    NO MINVALUE
    NO MAXVALUE
    CACHE 1
);


--
-- Name: database_cathealth; Type: TABLE; Schema: public; Owner: django_user
--

CREATE TABLE public.database_cathealth (
    id bigint NOT NULL,
    chronic_diseases text,
    treatment text,
    notes text,
    felv_status character varying(1) NOT NULL,
    fiv_status character varying(1) NOT NULL,
    cat_id bigint NOT NULL
);


ALTER TABLE public.database_cathealth OWNER TO django_user;

--
-- Name: database_cathealth_id_seq; Type: SEQUENCE; Schema: public; Owner: django_user
--

ALTER TABLE public.database_cathealth ALTER COLUMN id ADD GENERATED BY DEFAULT AS IDENTITY (
    SEQUENCE NAME public.database_cathealth_id_seq
    START WITH 1
    INCREMENT BY 1
    NO MINVALUE
    NO MAXVALUE
    CACHE 1
);


--
-- Name: database_catinfo; Type: TABLE; Schema: public; Owner: django_user
--

CREATE TABLE public.database_catinfo (
    id bigint NOT NULL,
    name character varying(64) NOT NULL,
    color character varying(128) NOT NULL,
    gender character varying(1) NOT NULL,
    is_neutered boolean NOT NULL,
    notes text,
    owner_id bigint,
    birth_date date NOT NULL,
    intake_date date NOT NULL,
    intake_place text,
    is_at_shelter boolean NOT NULL,
    outtake_date date,
    outtake_reasons text
);


ALTER TABLE public.database_catinfo OWNER TO django_user;

--
-- Name: database_catinfo_id_seq; Type: SEQUENCE; Schema: public; Owner: django_user
--

ALTER TABLE public.database_catinfo ALTER COLUMN id ADD GENERATED BY DEFAULT AS IDENTITY (
    SEQUENCE NAME public.database_catinfo_id_seq
    START WITH 1
    INCREMENT BY 1
    NO MINVALUE
    NO MAXVALUE
    CACHE 1
);


--
-- Name: database_catphoto; Type: TABLE; Schema: public; Owner: django_user
--

CREATE TABLE public.database_catphoto (
    id bigint NOT NULL,
    image character varying(100) NOT NULL,
    is_main boolean NOT NULL,
    uploaded_at timestamp with time zone NOT NULL,
    animal_id bigint NOT NULL
);


ALTER TABLE public.database_catphoto OWNER TO django_user;

--
-- Name: database_catphoto_id_seq; Type: SEQUENCE; Schema: public; Owner: django_user
--

ALTER TABLE public.database_catphoto ALTER COLUMN id ADD GENERATED BY DEFAULT AS IDENTITY (
    SEQUENCE NAME public.database_catphoto_id_seq
    START WITH 1
    INCREMENT BY 1
    NO MINVALUE
    NO MAXVALUE
    CACHE 1
);


--
-- Name: database_dogdescription; Type: TABLE; Schema: public; Owner: django_user
--

CREATE TABLE public.database_dogdescription (
    id bigint NOT NULL,
    bio text NOT NULL,
    "character" text NOT NULL,
    best_owner text,
    dog_id bigint NOT NULL
);


ALTER TABLE public.database_dogdescription OWNER TO django_user;

--
-- Name: database_dogdescription_id_seq; Type: SEQUENCE; Schema: public; Owner: django_user
--

ALTER TABLE public.database_dogdescription ALTER COLUMN id ADD GENERATED BY DEFAULT AS IDENTITY (
    SEQUENCE NAME public.database_dogdescription_id_seq
    START WITH 1
    INCREMENT BY 1
    NO MINVALUE
    NO MAXVALUE
    CACHE 1
);


--
-- Name: database_doghealth; Type: TABLE; Schema: public; Owner: django_user
--

CREATE TABLE public.database_doghealth (
    id bigint NOT NULL,
    chronic_diseases text,
    treatment text,
    notes text,
    dog_id bigint NOT NULL
);


ALTER TABLE public.database_doghealth OWNER TO django_user;

--
-- Name: database_doghealth_id_seq; Type: SEQUENCE; Schema: public; Owner: django_user
--

ALTER TABLE public.database_doghealth ALTER COLUMN id ADD GENERATED BY DEFAULT AS IDENTITY (
    SEQUENCE NAME public.database_doghealth_id_seq
    START WITH 1
    INCREMENT BY 1
    NO MINVALUE
    NO MAXVALUE
    CACHE 1
);


--
-- Name: database_doginfo; Type: TABLE; Schema: public; Owner: django_user
--

CREATE TABLE public.database_doginfo (
    id bigint NOT NULL,
    name character varying(64) NOT NULL,
    color character varying(128) NOT NULL,
    gender character varying(1) NOT NULL,
    is_neutered boolean NOT NULL,
    notes text,
    owner_id bigint,
    birth_date date NOT NULL,
    intake_date date NOT NULL,
    intake_place text,
    is_at_shelter boolean NOT NULL,
    outtake_date date,
    outtake_reasons text,
    kennel character varying(64),
    height character varying(4) NOT NULL
);


ALTER TABLE public.database_doginfo OWNER TO django_user;

--
-- Name: database_doginfo_id_seq; Type: SEQUENCE; Schema: public; Owner: django_user
--

ALTER TABLE public.database_doginfo ALTER COLUMN id ADD GENERATED BY DEFAULT AS IDENTITY (
    SEQUENCE NAME public.database_doginfo_id_seq
    START WITH 1
    INCREMENT BY 1
    NO MINVALUE
    NO MAXVALUE
    CACHE 1
);


--
-- Name: database_owner; Type: TABLE; Schema: public; Owner: django_user
--

CREATE TABLE public.database_owner (
    id bigint NOT NULL,
    first_name character varying(64) NOT NULL,
    last_name character varying(64) NOT NULL,
    address character varying(128),
    phone_number character varying(64),
    surname character varying(128)
);


ALTER TABLE public.database_owner OWNER TO django_user;

--
-- Name: database_owner_id_seq; Type: SEQUENCE; Schema: public; Owner: django_user
--

ALTER TABLE public.database_owner ALTER COLUMN id ADD GENERATED BY DEFAULT AS IDENTITY (
    SEQUENCE NAME public.database_owner_id_seq
    START WITH 1
    INCREMENT BY 1
    NO MINVALUE
    NO MAXVALUE
    CACHE 1
);


--
-- Name: django_admin_log; Type: TABLE; Schema: public; Owner: django_user
--

CREATE TABLE public.django_admin_log (
    id integer NOT NULL,
    action_time timestamp with time zone NOT NULL,
    object_id text,
    object_repr character varying(200) NOT NULL,
    action_flag smallint NOT NULL,
    change_message text NOT NULL,
    content_type_id integer,
    user_id integer NOT NULL,
    CONSTRAINT django_admin_log_action_flag_check CHECK ((action_flag >= 0))
);


ALTER TABLE public.django_admin_log OWNER TO django_user;

--
-- Name: django_admin_log_id_seq; Type: SEQUENCE; Schema: public; Owner: django_user
--

ALTER TABLE public.django_admin_log ALTER COLUMN id ADD GENERATED BY DEFAULT AS IDENTITY (
    SEQUENCE NAME public.django_admin_log_id_seq
    START WITH 1
    INCREMENT BY 1
    NO MINVALUE
    NO MAXVALUE
    CACHE 1
);


--
-- Name: django_content_type; Type: TABLE; Schema: public; Owner: django_user
--

CREATE TABLE public.django_content_type (
    id integer NOT NULL,
    app_label character varying(100) NOT NULL,
    model character varying(100) NOT NULL
);


ALTER TABLE public.django_content_type OWNER TO django_user;

--
-- Name: django_content_type_id_seq; Type: SEQUENCE; Schema: public; Owner: django_user
--

ALTER TABLE public.django_content_type ALTER COLUMN id ADD GENERATED BY DEFAULT AS IDENTITY (
    SEQUENCE NAME public.django_content_type_id_seq
    START WITH 1
    INCREMENT BY 1
    NO MINVALUE
    NO MAXVALUE
    CACHE 1
);


--
-- Name: django_migrations; Type: TABLE; Schema: public; Owner: django_user
--

CREATE TABLE public.django_migrations (
    id integer NOT NULL,
    app character varying(255) NOT NULL,
    name character varying(255) NOT NULL,
    applied timestamp with time zone NOT NULL
);


ALTER TABLE public.django_migrations OWNER TO django_user;

--
-- Name: django_migrations_id_seq; Type: SEQUENCE; Schema: public; Owner: django_user
--

ALTER TABLE public.django_migrations ALTER COLUMN id ADD GENERATED BY DEFAULT AS IDENTITY (
    SEQUENCE NAME public.django_migrations_id_seq
    START WITH 1
    INCREMENT BY 1
    NO MINVALUE
    NO MAXVALUE
    CACHE 1
);


--
-- Name: django_session; Type: TABLE; Schema: public; Owner: django_user
--

CREATE TABLE public.django_session (
    session_key character varying(40) NOT NULL,
    session_data text NOT NULL,
    expire_date timestamp with time zone NOT NULL
);


ALTER TABLE public.django_session OWNER TO django_user;

--
-- Data for Name: auth_group; Type: TABLE DATA; Schema: public; Owner: django_user
--

COPY public.auth_group (id, name) FROM stdin;
\.


--
-- Data for Name: auth_group_permissions; Type: TABLE DATA; Schema: public; Owner: django_user
--

COPY public.auth_group_permissions (id, group_id, permission_id) FROM stdin;
\.


--
-- Data for Name: auth_permission; Type: TABLE DATA; Schema: public; Owner: django_user
--

COPY public.auth_permission (id, name, content_type_id, codename) FROM stdin;
1	Can add log entry	1	add_logentry
2	Can change log entry	1	change_logentry
3	Can delete log entry	1	delete_logentry
4	Can view log entry	1	view_logentry
5	Can add permission	2	add_permission
6	Can change permission	2	change_permission
7	Can delete permission	2	delete_permission
8	Can view permission	2	view_permission
9	Can add group	3	add_group
10	Can change group	3	change_group
11	Can delete group	3	delete_group
12	Can view group	3	view_group
13	Can add user	4	add_user
14	Can change user	4	change_user
15	Can delete user	4	delete_user
16	Can view user	4	view_user
17	Can add content type	5	add_contenttype
18	Can change content type	5	change_contenttype
19	Can delete content type	5	delete_contenttype
20	Can view content type	5	view_contenttype
21	Can add session	6	add_session
22	Can change session	6	change_session
23	Can delete session	6	delete_session
24	Can view session	6	view_session
25	Can add категория	7	add_category
26	Can change категория	7	change_category
27	Can delete категория	7	delete_category
28	Can view категория	7	view_category
29	Can add публикация	8	add_post
30	Can change публикация	8	change_post
31	Can delete публикация	8	delete_post
32	Can view публикация	8	view_post
33	Can add Владелец	9	add_owner
34	Can change Владелец	9	change_owner
35	Can delete Владелец	9	delete_owner
36	Can view Владелец	9	view_owner
37	Can add Собака	10	add_doginfo
38	Can change Собака	10	change_doginfo
39	Can delete Собака	10	delete_doginfo
40	Can view Собака	10	view_doginfo
41	Can add Кошка	11	add_catinfo
42	Can change Кошка	11	change_catinfo
43	Can delete Кошка	11	delete_catinfo
44	Can view Кошка	11	view_catinfo
45	Can add Здоровье кошки	12	add_cathealth
46	Can change Здоровье кошки	12	change_cathealth
47	Can delete Здоровье кошки	12	delete_cathealth
48	Can view Здоровье кошки	12	view_cathealth
49	Can add Здоровье собаки	13	add_doghealth
50	Can change Здоровье собаки	13	change_doghealth
51	Can delete Здоровье собаки	13	delete_doghealth
52	Can view Здоровье собаки	13	view_doghealth
53	Can add Описание собаки	14	add_dogdescription
54	Can change Описание собаки	14	change_dogdescription
55	Can delete Описание собаки	14	delete_dogdescription
56	Can view Описание собаки	14	view_dogdescription
57	Can add Фотография собаки	15	add_dogphoto
58	Can change Фотография собаки	15	change_dogphoto
59	Can delete Фотография собаки	15	delete_dogphoto
60	Can view Фотография собаки	15	view_dogphoto
61	Can add Описание кошки	16	add_catdescription
62	Can change Описание кошки	16	change_catdescription
63	Can delete Описание кошки	16	delete_catdescription
64	Can view Описание кошки	16	view_catdescription
65	Can add Фотография кошки	17	add_catphoto
66	Can change Фотография кошки	17	change_catphoto
67	Can delete Фотография кошки	17	delete_catphoto
68	Can view Фотография кошки	17	view_catphoto
\.


--
-- Data for Name: auth_user; Type: TABLE DATA; Schema: public; Owner: django_user
--

COPY public.auth_user (id, password, last_login, is_superuser, username, first_name, last_name, email, is_staff, is_active, date_joined) FROM stdin;
\.


--
-- Data for Name: auth_user_groups; Type: TABLE DATA; Schema: public; Owner: django_user
--

COPY public.auth_user_groups (id, user_id, group_id) FROM stdin;
\.


--
-- Data for Name: auth_user_user_permissions; Type: TABLE DATA; Schema: public; Owner: django_user
--

COPY public.auth_user_user_permissions (id, user_id, permission_id) FROM stdin;
\.


--
-- Data for Name: blog_category; Type: TABLE DATA; Schema: public; Owner: django_user
--

COPY public.blog_category (id, is_published, created_at, title, slug) FROM stdin;
\.


--
-- Data for Name: blog_post; Type: TABLE DATA; Schema: public; Owner: django_user
--

COPY public.blog_post (id, is_published, created_at, title, text, pub_date, image, author_id, category_id) FROM stdin;
\.


--
-- Data for Name: database_catdescription; Type: TABLE DATA; Schema: public; Owner: django_user
--

COPY public.database_catdescription (id, bio, "character", best_owner, cat_id) FROM stdin;
\.


--
-- Data for Name: database_cathealth; Type: TABLE DATA; Schema: public; Owner: django_user
--

COPY public.database_cathealth (id, chronic_diseases, treatment, notes, felv_status, fiv_status, cat_id) FROM stdin;
\.


--
-- Data for Name: database_catinfo; Type: TABLE DATA; Schema: public; Owner: django_user
--

COPY public.database_catinfo (id, name, color, gender, is_neutered, notes, owner_id, birth_date, intake_date, intake_place, is_at_shelter, outtake_date, outtake_reasons) FROM stdin;
\.


--
-- Data for Name: database_catphoto; Type: TABLE DATA; Schema: public; Owner: django_user
--

COPY public.database_catphoto (id, image, is_main, uploaded_at, animal_id) FROM stdin;
\.


--
-- Data for Name: database_dogdescription; Type: TABLE DATA; Schema: public; Owner: django_user
--

COPY public.database_dogdescription (id, bio, "character", best_owner, dog_id) FROM stdin;
\.


--
-- Data for Name: database_doghealth; Type: TABLE DATA; Schema: public; Owner: django_user
--

COPY public.database_doghealth (id, chronic_diseases, treatment, notes, dog_id) FROM stdin;
\.


--
-- Data for Name: database_doginfo; Type: TABLE DATA; Schema: public; Owner: django_user
--

COPY public.database_doginfo (id, name, color, gender, is_neutered, notes, owner_id, birth_date, intake_date, intake_place, is_at_shelter, outtake_date, outtake_reasons, kennel, height) FROM stdin;
\.


--
-- Data for Name: database_dogphoto; Type: TABLE DATA; Schema: public; Owner: django_user
--

COPY public.database_dogphoto (id, image, is_main, uploaded_at, animal_id) FROM stdin;
\.


--
-- Data for Name: database_owner; Type: TABLE DATA; Schema: public; Owner: django_user
--

COPY public.database_owner (id, first_name, last_name, address, phone_number, surname) FROM stdin;
\.


--
-- Data for Name: django_admin_log; Type: TABLE DATA; Schema: public; Owner: django_user
--

COPY public.django_admin_log (id, action_time, object_id, object_repr, action_flag, change_message, content_type_id, user_id) FROM stdin;
\.


--
-- Data for Name: django_content_type; Type: TABLE DATA; Schema: public; Owner: django_user
--

COPY public.django_content_type (id, app_label, model) FROM stdin;
1	admin	logentry
2	auth	permission
3	auth	group
4	auth	user
5	contenttypes	contenttype
6	sessions	session
7	blog	category
8	blog	post
9	database	owner
10	database	doginfo
11	database	catinfo
12	database	cathealth
13	database	doghealth
14	database	dogdescription
15	database	dogphoto
16	database	catdescription
17	database	catphoto
\.


--
-- Data for Name: django_migrations; Type: TABLE DATA; Schema: public; Owner: django_user
--

COPY public.django_migrations (id, app, name, applied) FROM stdin;
1	contenttypes	0001_initial	2026-03-17 18:37:36.766989+00
2	auth	0001_initial	2026-03-17 18:37:36.904765+00
3	admin	0001_initial	2026-03-17 18:37:36.939666+00
4	admin	0002_logentry_remove_auto_add	2026-03-17 18:37:36.950931+00
5	admin	0003_logentry_add_action_flag_choices	2026-03-17 18:37:37.016908+00
6	contenttypes	0002_remove_content_type_name	2026-03-17 18:37:37.044467+00
7	auth	0002_alter_permission_name_max_length	2026-03-17 18:37:37.061046+00
8	auth	0003_alter_user_email_max_length	2026-03-17 18:37:37.076985+00
9	auth	0004_alter_user_username_opts	2026-03-17 18:37:37.092131+00
10	auth	0005_alter_user_last_login_null	2026-03-17 18:37:37.105453+00
11	auth	0006_require_contenttypes_0002	2026-03-17 18:37:37.109918+00
12	auth	0007_alter_validators_add_error_messages	2026-03-17 18:37:37.122864+00
13	auth	0008_alter_user_username_max_length	2026-03-17 18:37:37.146398+00
14	auth	0009_alter_user_last_name_max_length	2026-03-17 18:37:37.157198+00
15	auth	0010_alter_group_name_max_length	2026-03-17 18:37:37.174042+00
16	auth	0011_update_proxy_permissions	2026-03-17 18:37:37.188085+00
17	auth	0012_alter_user_first_name_max_length	2026-03-17 18:37:37.203238+00
18	blog	0001_initial	2026-03-17 18:37:37.268083+00
19	blog	0002_remove_category_description	2026-03-17 18:37:37.275117+00
20	database	0001_initial	2026-03-17 18:37:37.429499+00
21	database	0002_auto_20250322_1037	2026-03-17 18:37:37.536166+00
22	database	0003_auto_20250322_1120	2026-03-17 18:37:37.634708+00
23	database	0004_auto_20250322_1841	2026-03-17 18:37:37.65918+00
24	database	0005_delete_dogkennelgroup	2026-03-17 18:37:37.665317+00
25	database	0006_auto_20250322_1930	2026-03-17 18:37:37.676956+00
26	database	0007_auto_20250322_1948	2026-03-17 18:37:37.708714+00
27	database	0008_auto_20250323_0037	2026-03-17 18:37:37.767641+00
28	database	0009_alter_cathealth_treatment_alter_doghealth_dog_and_more	2026-03-17 18:37:37.804029+00
29	database	0010_catinfo_height_doginfo_height_animalphoto	2026-03-17 18:37:37.840483+00
30	database	0011_remove_catinfo_description_remove_catinfo_height_and_more	2026-03-17 18:37:37.8986+00
31	database	0012_rename_animalphoto_dogphoto_catdescription_catphoto	2026-03-17 18:37:37.974028+00
32	database	0013_rename_dog_catdescription_cat_alter_cathealth_cat	2026-03-17 18:37:37.996039+00
33	database	0014_alter_cathealth_cat	2026-03-17 18:37:38.031698+00
34	database	0015_alter_catdescription_cat_alter_dogdescription_dog_and_more	2026-03-17 18:37:38.112066+00
35	sessions	0001_initial	2026-03-17 18:37:38.132876+00
\.


--
-- Data for Name: django_session; Type: TABLE DATA; Schema: public; Owner: django_user
--

COPY public.django_session (session_key, session_data, expire_date) FROM stdin;
\.


--
-- Name: auth_group_id_seq; Type: SEQUENCE SET; Schema: public; Owner: django_user
--

SELECT pg_catalog.setval('public.auth_group_id_seq', 1, false);


--
-- Name: auth_group_permissions_id_seq; Type: SEQUENCE SET; Schema: public; Owner: django_user
--

SELECT pg_catalog.setval('public.auth_group_permissions_id_seq', 1, false);


--
-- Name: auth_permission_id_seq; Type: SEQUENCE SET; Schema: public; Owner: django_user
--

SELECT pg_catalog.setval('public.auth_permission_id_seq', 68, true);


--
-- Name: auth_user_groups_id_seq; Type: SEQUENCE SET; Schema: public; Owner: django_user
--

SELECT pg_catalog.setval('public.auth_user_groups_id_seq', 1, false);


--
-- Name: auth_user_id_seq; Type: SEQUENCE SET; Schema: public; Owner: django_user
--

SELECT pg_catalog.setval('public.auth_user_id_seq', 1, false);


--
-- Name: auth_user_user_permissions_id_seq; Type: SEQUENCE SET; Schema: public; Owner: django_user
--

SELECT pg_catalog.setval('public.auth_user_user_permissions_id_seq', 1, false);


--
-- Name: blog_category_id_seq; Type: SEQUENCE SET; Schema: public; Owner: django_user
--

SELECT pg_catalog.setval('public.blog_category_id_seq', 1, false);


--
-- Name: blog_post_id_seq; Type: SEQUENCE SET; Schema: public; Owner: django_user
--

SELECT pg_catalog.setval('public.blog_post_id_seq', 1, false);


--
-- Name: database_animalphoto_id_seq; Type: SEQUENCE SET; Schema: public; Owner: django_user
--

SELECT pg_catalog.setval('public.database_animalphoto_id_seq', 1, false);


--
-- Name: database_catdescription_id_seq; Type: SEQUENCE SET; Schema: public; Owner: django_user
--

SELECT pg_catalog.setval('public.database_catdescription_id_seq', 1, false);


--
-- Name: database_cathealth_id_seq; Type: SEQUENCE SET; Schema: public; Owner: django_user
--

SELECT pg_catalog.setval('public.database_cathealth_id_seq', 1, false);


--
-- Name: database_catinfo_id_seq; Type: SEQUENCE SET; Schema: public; Owner: django_user
--

SELECT pg_catalog.setval('public.database_catinfo_id_seq', 1, false);


--
-- Name: database_catphoto_id_seq; Type: SEQUENCE SET; Schema: public; Owner: django_user
--

SELECT pg_catalog.setval('public.database_catphoto_id_seq', 1, false);


--
-- Name: database_dogdescription_id_seq; Type: SEQUENCE SET; Schema: public; Owner: django_user
--

SELECT pg_catalog.setval('public.database_dogdescription_id_seq', 1, false);


--
-- Name: database_doghealth_id_seq; Type: SEQUENCE SET; Schema: public; Owner: django_user
--

SELECT pg_catalog.setval('public.database_doghealth_id_seq', 1, false);


--
-- Name: database_doginfo_id_seq; Type: SEQUENCE SET; Schema: public; Owner: django_user
--

SELECT pg_catalog.setval('public.database_doginfo_id_seq', 1, false);


--
-- Name: database_owner_id_seq; Type: SEQUENCE SET; Schema: public; Owner: django_user
--

SELECT pg_catalog.setval('public.database_owner_id_seq', 1, false);


--
-- Name: django_admin_log_id_seq; Type: SEQUENCE SET; Schema: public; Owner: django_user
--

SELECT pg_catalog.setval('public.django_admin_log_id_seq', 1, false);


--
-- Name: django_content_type_id_seq; Type: SEQUENCE SET; Schema: public; Owner: django_user
--

SELECT pg_catalog.setval('public.django_content_type_id_seq', 17, true);


--
-- Name: django_migrations_id_seq; Type: SEQUENCE SET; Schema: public; Owner: django_user
--

SELECT pg_catalog.setval('public.django_migrations_id_seq', 35, true);


--
-- Name: auth_group auth_group_name_key; Type: CONSTRAINT; Schema: public; Owner: django_user
--

ALTER TABLE ONLY public.auth_group
    ADD CONSTRAINT auth_group_name_key UNIQUE (name);


--
-- Name: auth_group_permissions auth_group_permissions_group_id_permission_id_0cd325b0_uniq; Type: CONSTRAINT; Schema: public; Owner: django_user
--

ALTER TABLE ONLY public.auth_group_permissions
    ADD CONSTRAINT auth_group_permissions_group_id_permission_id_0cd325b0_uniq UNIQUE (group_id, permission_id);


--
-- Name: auth_group_permissions auth_group_permissions_pkey; Type: CONSTRAINT; Schema: public; Owner: django_user
--

ALTER TABLE ONLY public.auth_group_permissions
    ADD CONSTRAINT auth_group_permissions_pkey PRIMARY KEY (id);


--
-- Name: auth_group auth_group_pkey; Type: CONSTRAINT; Schema: public; Owner: django_user
--

ALTER TABLE ONLY public.auth_group
    ADD CONSTRAINT auth_group_pkey PRIMARY KEY (id);


--
-- Name: auth_permission auth_permission_content_type_id_codename_01ab375a_uniq; Type: CONSTRAINT; Schema: public; Owner: django_user
--

ALTER TABLE ONLY public.auth_permission
    ADD CONSTRAINT auth_permission_content_type_id_codename_01ab375a_uniq UNIQUE (content_type_id, codename);


--
-- Name: auth_permission auth_permission_pkey; Type: CONSTRAINT; Schema: public; Owner: django_user
--

ALTER TABLE ONLY public.auth_permission
    ADD CONSTRAINT auth_permission_pkey PRIMARY KEY (id);


--
-- Name: auth_user_groups auth_user_groups_pkey; Type: CONSTRAINT; Schema: public; Owner: django_user
--

ALTER TABLE ONLY public.auth_user_groups
    ADD CONSTRAINT auth_user_groups_pkey PRIMARY KEY (id);


--
-- Name: auth_user_groups auth_user_groups_user_id_group_id_94350c0c_uniq; Type: CONSTRAINT; Schema: public; Owner: django_user
--

ALTER TABLE ONLY public.auth_user_groups
    ADD CONSTRAINT auth_user_groups_user_id_group_id_94350c0c_uniq UNIQUE (user_id, group_id);


--
-- Name: auth_user auth_user_pkey; Type: CONSTRAINT; Schema: public; Owner: django_user
--

ALTER TABLE ONLY public.auth_user
    ADD CONSTRAINT auth_user_pkey PRIMARY KEY (id);


--
-- Name: auth_user_user_permissions auth_user_user_permissions_pkey; Type: CONSTRAINT; Schema: public; Owner: django_user
--

ALTER TABLE ONLY public.auth_user_user_permissions
    ADD CONSTRAINT auth_user_user_permissions_pkey PRIMARY KEY (id);


--
-- Name: auth_user_user_permissions auth_user_user_permissions_user_id_permission_id_14a6b632_uniq; Type: CONSTRAINT; Schema: public; Owner: django_user
--

ALTER TABLE ONLY public.auth_user_user_permissions
    ADD CONSTRAINT auth_user_user_permissions_user_id_permission_id_14a6b632_uniq UNIQUE (user_id, permission_id);


--
-- Name: auth_user auth_user_username_key; Type: CONSTRAINT; Schema: public; Owner: django_user
--

ALTER TABLE ONLY public.auth_user
    ADD CONSTRAINT auth_user_username_key UNIQUE (username);


--
-- Name: blog_category blog_category_pkey; Type: CONSTRAINT; Schema: public; Owner: django_user
--

ALTER TABLE ONLY public.blog_category
    ADD CONSTRAINT blog_category_pkey PRIMARY KEY (id);


--
-- Name: blog_category blog_category_slug_key; Type: CONSTRAINT; Schema: public; Owner: django_user
--

ALTER TABLE ONLY public.blog_category
    ADD CONSTRAINT blog_category_slug_key UNIQUE (slug);


--
-- Name: blog_post blog_post_pkey; Type: CONSTRAINT; Schema: public; Owner: django_user
--

ALTER TABLE ONLY public.blog_post
    ADD CONSTRAINT blog_post_pkey PRIMARY KEY (id);


--
-- Name: database_dogphoto database_animalphoto_pkey; Type: CONSTRAINT; Schema: public; Owner: django_user
--

ALTER TABLE ONLY public.database_dogphoto
    ADD CONSTRAINT database_animalphoto_pkey PRIMARY KEY (id);


--
-- Name: database_catdescription database_catdescription_cat_id_706e7342_uniq; Type: CONSTRAINT; Schema: public; Owner: django_user
--

ALTER TABLE ONLY public.database_catdescription
    ADD CONSTRAINT database_catdescription_cat_id_706e7342_uniq UNIQUE (cat_id);


--
-- Name: database_catdescription database_catdescription_pkey; Type: CONSTRAINT; Schema: public; Owner: django_user
--

ALTER TABLE ONLY public.database_catdescription
    ADD CONSTRAINT database_catdescription_pkey PRIMARY KEY (id);


--
-- Name: database_cathealth database_cathealth_cat_id_f1145c5b_uniq; Type: CONSTRAINT; Schema: public; Owner: django_user
--

ALTER TABLE ONLY public.database_cathealth
    ADD CONSTRAINT database_cathealth_cat_id_f1145c5b_uniq UNIQUE (cat_id);


--
-- Name: database_cathealth database_cathealth_pkey; Type: CONSTRAINT; Schema: public; Owner: django_user
--

ALTER TABLE ONLY public.database_cathealth
    ADD CONSTRAINT database_cathealth_pkey PRIMARY KEY (id);


--
-- Name: database_catinfo database_catinfo_pkey; Type: CONSTRAINT; Schema: public; Owner: django_user
--

ALTER TABLE ONLY public.database_catinfo
    ADD CONSTRAINT database_catinfo_pkey PRIMARY KEY (id);


--
-- Name: database_catphoto database_catphoto_pkey; Type: CONSTRAINT; Schema: public; Owner: django_user
--

ALTER TABLE ONLY public.database_catphoto
    ADD CONSTRAINT database_catphoto_pkey PRIMARY KEY (id);


--
-- Name: database_dogdescription database_dogdescription_dog_id_3dc49892_uniq; Type: CONSTRAINT; Schema: public; Owner: django_user
--

ALTER TABLE ONLY public.database_dogdescription
    ADD CONSTRAINT database_dogdescription_dog_id_3dc49892_uniq UNIQUE (dog_id);


--
-- Name: database_dogdescription database_dogdescription_pkey; Type: CONSTRAINT; Schema: public; Owner: django_user
--

ALTER TABLE ONLY public.database_dogdescription
    ADD CONSTRAINT database_dogdescription_pkey PRIMARY KEY (id);


--
-- Name: database_doghealth database_doghealth_dog_id_72747fcb_uniq; Type: CONSTRAINT; Schema: public; Owner: django_user
--

ALTER TABLE ONLY public.database_doghealth
    ADD CONSTRAINT database_doghealth_dog_id_72747fcb_uniq UNIQUE (dog_id);


--
-- Name: database_doghealth database_doghealth_pkey; Type: CONSTRAINT; Schema: public; Owner: django_user
--

ALTER TABLE ONLY public.database_doghealth
    ADD CONSTRAINT database_doghealth_pkey PRIMARY KEY (id);


--
-- Name: database_doginfo database_doginfo_pkey; Type: CONSTRAINT; Schema: public; Owner: django_user
--

ALTER TABLE ONLY public.database_doginfo
    ADD CONSTRAINT database_doginfo_pkey PRIMARY KEY (id);


--
-- Name: database_owner database_owner_pkey; Type: CONSTRAINT; Schema: public; Owner: django_user
--

ALTER TABLE ONLY public.database_owner
    ADD CONSTRAINT database_owner_pkey PRIMARY KEY (id);


--
-- Name: django_admin_log django_admin_log_pkey; Type: CONSTRAINT; Schema: public; Owner: django_user
--

ALTER TABLE ONLY public.django_admin_log
    ADD CONSTRAINT django_admin_log_pkey PRIMARY KEY (id);


--
-- Name: django_content_type django_content_type_app_label_model_76bd3d3b_uniq; Type: CONSTRAINT; Schema: public; Owner: django_user
--

ALTER TABLE ONLY public.django_content_type
    ADD CONSTRAINT django_content_type_app_label_model_76bd3d3b_uniq UNIQUE (app_label, model);


--
-- Name: django_content_type django_content_type_pkey; Type: CONSTRAINT; Schema: public; Owner: django_user
--

ALTER TABLE ONLY public.django_content_type
    ADD CONSTRAINT django_content_type_pkey PRIMARY KEY (id);


--
-- Name: django_migrations django_migrations_pkey; Type: CONSTRAINT; Schema: public; Owner: django_user
--

ALTER TABLE ONLY public.django_migrations
    ADD CONSTRAINT django_migrations_pkey PRIMARY KEY (id);


--
-- Name: django_session django_session_pkey; Type: CONSTRAINT; Schema: public; Owner: django_user
--

ALTER TABLE ONLY public.django_session
    ADD CONSTRAINT django_session_pkey PRIMARY KEY (session_key);


--
-- Name: auth_group_name_a6ea08ec_like; Type: INDEX; Schema: public; Owner: django_user
--

CREATE INDEX auth_group_name_a6ea08ec_like ON public.auth_group USING btree (name varchar_pattern_ops);


--
-- Name: auth_group_permissions_group_id_b120cbf9; Type: INDEX; Schema: public; Owner: django_user
--

CREATE INDEX auth_group_permissions_group_id_b120cbf9 ON public.auth_group_permissions USING btree (group_id);


--
-- Name: auth_group_permissions_permission_id_84c5c92e; Type: INDEX; Schema: public; Owner: django_user
--

CREATE INDEX auth_group_permissions_permission_id_84c5c92e ON public.auth_group_permissions USING btree (permission_id);


--
-- Name: auth_permission_content_type_id_2f476e4b; Type: INDEX; Schema: public; Owner: django_user
--

CREATE INDEX auth_permission_content_type_id_2f476e4b ON public.auth_permission USING btree (content_type_id);


--
-- Name: auth_user_groups_group_id_97559544; Type: INDEX; Schema: public; Owner: django_user
--

CREATE INDEX auth_user_groups_group_id_97559544 ON public.auth_user_groups USING btree (group_id);


--
-- Name: auth_user_groups_user_id_6a12ed8b; Type: INDEX; Schema: public; Owner: django_user
--

CREATE INDEX auth_user_groups_user_id_6a12ed8b ON public.auth_user_groups USING btree (user_id);


--
-- Name: auth_user_user_permissions_permission_id_1fbb5f2c; Type: INDEX; Schema: public; Owner: django_user
--

CREATE INDEX auth_user_user_permissions_permission_id_1fbb5f2c ON public.auth_user_user_permissions USING btree (permission_id);


--
-- Name: auth_user_user_permissions_user_id_a95ead1b; Type: INDEX; Schema: public; Owner: django_user
--

CREATE INDEX auth_user_user_permissions_user_id_a95ead1b ON public.auth_user_user_permissions USING btree (user_id);


--
-- Name: auth_user_username_6821ab7c_like; Type: INDEX; Schema: public; Owner: django_user
--

CREATE INDEX auth_user_username_6821ab7c_like ON public.auth_user USING btree (username varchar_pattern_ops);


--
-- Name: blog_category_slug_92643dc5_like; Type: INDEX; Schema: public; Owner: django_user
--

CREATE INDEX blog_category_slug_92643dc5_like ON public.blog_category USING btree (slug varchar_pattern_ops);


--
-- Name: blog_post_author_id_dd7a8485; Type: INDEX; Schema: public; Owner: django_user
--

CREATE INDEX blog_post_author_id_dd7a8485 ON public.blog_post USING btree (author_id);


--
-- Name: blog_post_category_id_c326dbf8; Type: INDEX; Schema: public; Owner: django_user
--

CREATE INDEX blog_post_category_id_c326dbf8 ON public.blog_post USING btree (category_id);


--
-- Name: database_animalphoto_animal_id_e5b12b72; Type: INDEX; Schema: public; Owner: django_user
--

CREATE INDEX database_animalphoto_animal_id_e5b12b72 ON public.database_dogphoto USING btree (animal_id);


--
-- Name: database_catinfo_owner_id_15e7bf04; Type: INDEX; Schema: public; Owner: django_user
--

CREATE INDEX database_catinfo_owner_id_15e7bf04 ON public.database_catinfo USING btree (owner_id);


--
-- Name: database_catphoto_animal_id_42d43573; Type: INDEX; Schema: public; Owner: django_user
--

CREATE INDEX database_catphoto_animal_id_42d43573 ON public.database_catphoto USING btree (animal_id);


--
-- Name: database_doginfo_owner_id_f4fefb9c; Type: INDEX; Schema: public; Owner: django_user
--

CREATE INDEX database_doginfo_owner_id_f4fefb9c ON public.database_doginfo USING btree (owner_id);


--
-- Name: django_admin_log_content_type_id_c4bce8eb; Type: INDEX; Schema: public; Owner: django_user
--

CREATE INDEX django_admin_log_content_type_id_c4bce8eb ON public.django_admin_log USING btree (content_type_id);


--
-- Name: django_admin_log_user_id_c564eba6; Type: INDEX; Schema: public; Owner: django_user
--

CREATE INDEX django_admin_log_user_id_c564eba6 ON public.django_admin_log USING btree (user_id);


--
-- Name: django_session_expire_date_a5c62663; Type: INDEX; Schema: public; Owner: django_user
--

CREATE INDEX django_session_expire_date_a5c62663 ON public.django_session USING btree (expire_date);


--
-- Name: django_session_session_key_c0390e0f_like; Type: INDEX; Schema: public; Owner: django_user
--

CREATE INDEX django_session_session_key_c0390e0f_like ON public.django_session USING btree (session_key varchar_pattern_ops);


--
-- Name: auth_group_permissions auth_group_permissio_permission_id_84c5c92e_fk_auth_perm; Type: FK CONSTRAINT; Schema: public; Owner: django_user
--

ALTER TABLE ONLY public.auth_group_permissions
    ADD CONSTRAINT auth_group_permissio_permission_id_84c5c92e_fk_auth_perm FOREIGN KEY (permission_id) REFERENCES public.auth_permission(id) DEFERRABLE INITIALLY DEFERRED;


--
-- Name: auth_group_permissions auth_group_permissions_group_id_b120cbf9_fk_auth_group_id; Type: FK CONSTRAINT; Schema: public; Owner: django_user
--

ALTER TABLE ONLY public.auth_group_permissions
    ADD CONSTRAINT auth_group_permissions_group_id_b120cbf9_fk_auth_group_id FOREIGN KEY (group_id) REFERENCES public.auth_group(id) DEFERRABLE INITIALLY DEFERRED;


--
-- Name: auth_permission auth_permission_content_type_id_2f476e4b_fk_django_co; Type: FK CONSTRAINT; Schema: public; Owner: django_user
--

ALTER TABLE ONLY public.auth_permission
    ADD CONSTRAINT auth_permission_content_type_id_2f476e4b_fk_django_co FOREIGN KEY (content_type_id) REFERENCES public.django_content_type(id) DEFERRABLE INITIALLY DEFERRED;


--
-- Name: auth_user_groups auth_user_groups_group_id_97559544_fk_auth_group_id; Type: FK CONSTRAINT; Schema: public; Owner: django_user
--

ALTER TABLE ONLY public.auth_user_groups
    ADD CONSTRAINT auth_user_groups_group_id_97559544_fk_auth_group_id FOREIGN KEY (group_id) REFERENCES public.auth_group(id) DEFERRABLE INITIALLY DEFERRED;


--
-- Name: auth_user_groups auth_user_groups_user_id_6a12ed8b_fk_auth_user_id; Type: FK CONSTRAINT; Schema: public; Owner: django_user
--

ALTER TABLE ONLY public.auth_user_groups
    ADD CONSTRAINT auth_user_groups_user_id_6a12ed8b_fk_auth_user_id FOREIGN KEY (user_id) REFERENCES public.auth_user(id) DEFERRABLE INITIALLY DEFERRED;


--
-- Name: auth_user_user_permissions auth_user_user_permi_permission_id_1fbb5f2c_fk_auth_perm; Type: FK CONSTRAINT; Schema: public; Owner: django_user
--

ALTER TABLE ONLY public.auth_user_user_permissions
    ADD CONSTRAINT auth_user_user_permi_permission_id_1fbb5f2c_fk_auth_perm FOREIGN KEY (permission_id) REFERENCES public.auth_permission(id) DEFERRABLE INITIALLY DEFERRED;


--
-- Name: auth_user_user_permissions auth_user_user_permissions_user_id_a95ead1b_fk_auth_user_id; Type: FK CONSTRAINT; Schema: public; Owner: django_user
--

ALTER TABLE ONLY public.auth_user_user_permissions
    ADD CONSTRAINT auth_user_user_permissions_user_id_a95ead1b_fk_auth_user_id FOREIGN KEY (user_id) REFERENCES public.auth_user(id) DEFERRABLE INITIALLY DEFERRED;


--
-- Name: blog_post blog_post_author_id_dd7a8485_fk_auth_user_id; Type: FK CONSTRAINT; Schema: public; Owner: django_user
--

ALTER TABLE ONLY public.blog_post
    ADD CONSTRAINT blog_post_author_id_dd7a8485_fk_auth_user_id FOREIGN KEY (author_id) REFERENCES public.auth_user(id) DEFERRABLE INITIALLY DEFERRED;


--
-- Name: blog_post blog_post_category_id_c326dbf8_fk_blog_category_id; Type: FK CONSTRAINT; Schema: public; Owner: django_user
--

ALTER TABLE ONLY public.blog_post
    ADD CONSTRAINT blog_post_category_id_c326dbf8_fk_blog_category_id FOREIGN KEY (category_id) REFERENCES public.blog_category(id) DEFERRABLE INITIALLY DEFERRED;


--
-- Name: database_dogphoto database_animalphoto_animal_id_e5b12b72_fk_database_doginfo_id; Type: FK CONSTRAINT; Schema: public; Owner: django_user
--

ALTER TABLE ONLY public.database_dogphoto
    ADD CONSTRAINT database_animalphoto_animal_id_e5b12b72_fk_database_doginfo_id FOREIGN KEY (animal_id) REFERENCES public.database_doginfo(id) DEFERRABLE INITIALLY DEFERRED;


--
-- Name: database_catdescription database_catdescription_cat_id_706e7342_fk_database_catinfo_id; Type: FK CONSTRAINT; Schema: public; Owner: django_user
--

ALTER TABLE ONLY public.database_catdescription
    ADD CONSTRAINT database_catdescription_cat_id_706e7342_fk_database_catinfo_id FOREIGN KEY (cat_id) REFERENCES public.database_catinfo(id) DEFERRABLE INITIALLY DEFERRED;


--
-- Name: database_cathealth database_cathealth_cat_id_f1145c5b_fk_database_catinfo_id; Type: FK CONSTRAINT; Schema: public; Owner: django_user
--

ALTER TABLE ONLY public.database_cathealth
    ADD CONSTRAINT database_cathealth_cat_id_f1145c5b_fk_database_catinfo_id FOREIGN KEY (cat_id) REFERENCES public.database_catinfo(id) DEFERRABLE INITIALLY DEFERRED;


--
-- Name: database_catinfo database_catinfo_owner_id_15e7bf04_fk_database_owner_id; Type: FK CONSTRAINT; Schema: public; Owner: django_user
--

ALTER TABLE ONLY public.database_catinfo
    ADD CONSTRAINT database_catinfo_owner_id_15e7bf04_fk_database_owner_id FOREIGN KEY (owner_id) REFERENCES public.database_owner(id) DEFERRABLE INITIALLY DEFERRED;


--
-- Name: database_catphoto database_catphoto_animal_id_42d43573_fk_database_catinfo_id; Type: FK CONSTRAINT; Schema: public; Owner: django_user
--

ALTER TABLE ONLY public.database_catphoto
    ADD CONSTRAINT database_catphoto_animal_id_42d43573_fk_database_catinfo_id FOREIGN KEY (animal_id) REFERENCES public.database_catinfo(id) DEFERRABLE INITIALLY DEFERRED;


--
-- Name: database_dogdescription database_dogdescription_dog_id_3dc49892_fk_database_doginfo_id; Type: FK CONSTRAINT; Schema: public; Owner: django_user
--

ALTER TABLE ONLY public.database_dogdescription
    ADD CONSTRAINT database_dogdescription_dog_id_3dc49892_fk_database_doginfo_id FOREIGN KEY (dog_id) REFERENCES public.database_doginfo(id) DEFERRABLE INITIALLY DEFERRED;


--
-- Name: database_doghealth database_doghealth_dog_id_72747fcb_fk_database_doginfo_id; Type: FK CONSTRAINT; Schema: public; Owner: django_user
--

ALTER TABLE ONLY public.database_doghealth
    ADD CONSTRAINT database_doghealth_dog_id_72747fcb_fk_database_doginfo_id FOREIGN KEY (dog_id) REFERENCES public.database_doginfo(id) DEFERRABLE INITIALLY DEFERRED;


--
-- Name: database_doginfo database_doginfo_owner_id_f4fefb9c_fk_database_owner_id; Type: FK CONSTRAINT; Schema: public; Owner: django_user
--

ALTER TABLE ONLY public.database_doginfo
    ADD CONSTRAINT database_doginfo_owner_id_f4fefb9c_fk_database_owner_id FOREIGN KEY (owner_id) REFERENCES public.database_owner(id) DEFERRABLE INITIALLY DEFERRED;


--
-- Name: django_admin_log django_admin_log_content_type_id_c4bce8eb_fk_django_co; Type: FK CONSTRAINT; Schema: public; Owner: django_user
--

ALTER TABLE ONLY public.django_admin_log
    ADD CONSTRAINT django_admin_log_content_type_id_c4bce8eb_fk_django_co FOREIGN KEY (content_type_id) REFERENCES public.django_content_type(id) DEFERRABLE INITIALLY DEFERRED;


--
-- Name: django_admin_log django_admin_log_user_id_c564eba6_fk_auth_user_id; Type: FK CONSTRAINT; Schema: public; Owner: django_user
--

ALTER TABLE ONLY public.django_admin_log
    ADD CONSTRAINT django_admin_log_user_id_c564eba6_fk_auth_user_id FOREIGN KEY (user_id) REFERENCES public.auth_user(id) DEFERRABLE INITIALLY DEFERRED;


--
-- PostgreSQL database dump complete
--

