--
-- PostgreSQL database dump
--

-- Dumped from database version 15.14 (Debian 15.14-1.pgdg13+1)
-- Dumped by pg_dump version 15.13

SET statement_timeout = 0;
SET lock_timeout = 0;
SET idle_in_transaction_session_timeout = 0;
SET client_encoding = 'UTF8';
SET standard_conforming_strings = on;
SELECT pg_catalog.set_config('search_path', '', false);
SET check_function_bodies = false;
SET xmloption = content;
SET client_min_messages = warning;
SET row_security = off;

SET default_tablespace = '';

SET default_table_access_method = heap;

--
-- Name: auth_group; Type: TABLE; Schema: public; Owner: django_user
--

CREATE TABLE public.auth_group (
    id integer NOT NULL,
    name character varying(150) NOT NULL
);


ALTER TABLE public.auth_group OWNER TO django_user;

--
-- Name: auth_group_id_seq; Type: SEQUENCE; Schema: public; Owner: django_user
--

ALTER TABLE public.auth_group ALTER COLUMN id ADD GENERATED BY DEFAULT AS IDENTITY (
    SEQUENCE NAME public.auth_group_id_seq
    START WITH 1
    INCREMENT BY 1
    NO MINVALUE
    NO MAXVALUE
    CACHE 1
);


--
-- Name: auth_group_permissions; Type: TABLE; Schema: public; Owner: django_user
--

CREATE TABLE public.auth_group_permissions (
    id integer NOT NULL,
    group_id integer NOT NULL,
    permission_id integer NOT NULL
);


ALTER TABLE public.auth_group_permissions OWNER TO django_user;

--
-- Name: auth_group_permissions_id_seq; Type: SEQUENCE; Schema: public; Owner: django_user
--

ALTER TABLE public.auth_group_permissions ALTER COLUMN id ADD GENERATED BY DEFAULT AS IDENTITY (
    SEQUENCE NAME public.auth_group_permissions_id_seq
    START WITH 1
    INCREMENT BY 1
    NO MINVALUE
    NO MAXVALUE
    CACHE 1
);


--
-- Name: auth_permission; Type: TABLE; Schema: public; Owner: django_user
--

CREATE TABLE public.auth_permission (
    id integer NOT NULL,
    name character varying(255) NOT NULL,
    content_type_id integer NOT NULL,
    codename character varying(100) NOT NULL
);


ALTER TABLE public.auth_permission OWNER TO django_user;

--
-- Name: auth_permission_id_seq; Type: SEQUENCE; Schema: public; Owner: django_user
--

ALTER TABLE public.auth_permission ALTER COLUMN id ADD GENERATED BY DEFAULT AS IDENTITY (
    SEQUENCE NAME public.auth_permission_id_seq
    START WITH 1
    INCREMENT BY 1
    NO MINVALUE
    NO MAXVALUE
    CACHE 1
);


--
-- Name: auth_user; Type: TABLE; Schema: public; Owner: django_user
--

CREATE TABLE public.auth_user (
    id integer NOT NULL,
    password character varying(128) NOT NULL,
    last_login timestamp with time zone,
    is_superuser boolean NOT NULL,
    username character varying(150) NOT NULL,
    first_name character varying(150) NOT NULL,
    last_name character varying(150) NOT NULL,
    email character varying(254) NOT NULL,
    is_staff boolean NOT NULL,
    is_active boolean NOT NULL,
    date_joined timestamp with time zone NOT NULL
);


ALTER TABLE public.auth_user OWNER TO django_user;

--
-- Name: auth_user_groups; Type: TABLE; Schema: public; Owner: django_user
--

CREATE TABLE public.auth_user_groups (
    id integer NOT NULL,
    user_id integer NOT NULL,
    group_id integer NOT NULL
);


ALTER TABLE public.auth_user_groups OWNER TO django_user;

--
-- Name: auth_user_groups_id_seq; Type: SEQUENCE; Schema: public; Owner: django_user
--

ALTER TABLE public.auth_user_groups ALTER COLUMN id ADD GENERATED BY DEFAULT AS IDENTITY (
    SEQUENCE NAME public.auth_user_groups_id_seq
    START WITH 1
    INCREMENT BY 1
    NO MINVALUE
    NO MAXVALUE
    CACHE 1
);


--
-- Name: auth_user_id_seq; Type: SEQUENCE; Schema: public; Owner: django_user
--

ALTER TABLE public.auth_user ALTER COLUMN id ADD GENERATED BY DEFAULT AS IDENTITY (
    SEQUENCE NAME public.auth_user_id_seq
    START WITH 1
    INCREMENT BY 1
    NO MINVALUE
    NO MAXVALUE
    CACHE 1
);


--
-- Name: auth_user_user_permissions; Type: TABLE; Schema: public; Owner: django_user
--

CREATE TABLE public.auth_user_user_permissions (
    id integer NOT NULL,
    user_id integer NOT NULL,
    permission_id integer NOT NULL
);


ALTER TABLE public.auth_user_user_permissions OWNER TO django_user;

--
-- Name: auth_user_user_permissions_id_seq; Type: SEQUENCE; Schema: public; Owner: django_user
--

ALTER TABLE public.auth_user_user_permissions ALTER COLUMN id ADD GENERATED BY DEFAULT AS IDENTITY (
    SEQUENCE NAME public.auth_user_user_permissions_id_seq
    START WITH 1
    INCREMENT BY 1
    NO MINVALUE
    NO MAXVALUE
    CACHE 1
);


--
-- Name: blog_blogimage; Type: TABLE; Schema: public; Owner: django_user
--

CREATE TABLE public.blog_blogimage (
    id bigint NOT NULL,
    image character varying(100) NOT NULL,
    alt_text character varying(128) NOT NULL,
    uploaded_at timestamp with time zone NOT NULL,
    full_url character varying(128) NOT NULL
);


ALTER TABLE public.blog_blogimage OWNER TO django_user;

--
-- Name: blog_blogimage_id_seq; Type: SEQUENCE; Schema: public; Owner: django_user
--

ALTER TABLE public.blog_blogimage ALTER COLUMN id ADD GENERATED BY DEFAULT AS IDENTITY (
    SEQUENCE NAME public.blog_blogimage_id_seq
    START WITH 1
    INCREMENT BY 1
    NO MINVALUE
    NO MAXVALUE
    CACHE 1
);


--
-- Name: blog_category; Type: TABLE; Schema: public; Owner: django_user
--

CREATE TABLE public.blog_category (
    id bigint NOT NULL,
    is_published boolean NOT NULL,
    created_at timestamp with time zone NOT NULL,
    title character varying(256) NOT NULL,
    slug character varying(64) NOT NULL
);


ALTER TABLE public.blog_category OWNER TO django_user;

--
-- Name: blog_category_id_seq; Type: SEQUENCE; Schema: public; Owner: django_user
--

ALTER TABLE public.blog_category ALTER COLUMN id ADD GENERATED BY DEFAULT AS IDENTITY (
    SEQUENCE NAME public.blog_category_id_seq
    START WITH 1
    INCREMENT BY 1
    NO MINVALUE
    NO MAXVALUE
    CACHE 1
);


--
-- Name: blog_post; Type: TABLE; Schema: public; Owner: django_user
--

CREATE TABLE public.blog_post (
    id bigint NOT NULL,
    is_published boolean NOT NULL,
    created_at timestamp with time zone NOT NULL,
    title character varying(256) NOT NULL,
    text text NOT NULL,
    pub_date timestamp with time zone NOT NULL,
    image character varying(100) NOT NULL,
    author_id integer NOT NULL,
    category_id bigint
);


ALTER TABLE public.blog_post OWNER TO django_user;

--
-- Name: blog_post_id_seq; Type: SEQUENCE; Schema: public; Owner: django_user
--

ALTER TABLE public.blog_post ALTER COLUMN id ADD GENERATED BY DEFAULT AS IDENTITY (
    SEQUENCE NAME public.blog_post_id_seq
    START WITH 1
    INCREMENT BY 1
    NO MINVALUE
    NO MAXVALUE
    CACHE 1
);


--
-- Name: cats_catdescription; Type: TABLE; Schema: public; Owner: django_user
--

CREATE TABLE public.cats_catdescription (
    id bigint NOT NULL,
    bio text NOT NULL,
    "character" text NOT NULL,
    best_owner text,
    cat_id bigint NOT NULL
);


ALTER TABLE public.cats_catdescription OWNER TO django_user;

--
-- Name: cats_catdescription_id_seq; Type: SEQUENCE; Schema: public; Owner: django_user
--

ALTER TABLE public.cats_catdescription ALTER COLUMN id ADD GENERATED BY DEFAULT AS IDENTITY (
    SEQUENCE NAME public.cats_catdescription_id_seq
    START WITH 1
    INCREMENT BY 1
    NO MINVALUE
    NO MAXVALUE
    CACHE 1
);


--
-- Name: cats_cathealth; Type: TABLE; Schema: public; Owner: django_user
--

CREATE TABLE public.cats_cathealth (
    id bigint NOT NULL,
    chronic_diseases text,
    treatment text,
    notes text,
    felv_status character varying(1) NOT NULL,
    fiv_status character varying(1) NOT NULL,
    cat_id bigint NOT NULL
);


ALTER TABLE public.cats_cathealth OWNER TO django_user;

--
-- Name: cats_cathealth_id_seq; Type: SEQUENCE; Schema: public; Owner: django_user
--

ALTER TABLE public.cats_cathealth ALTER COLUMN id ADD GENERATED BY DEFAULT AS IDENTITY (
    SEQUENCE NAME public.cats_cathealth_id_seq
    START WITH 1
    INCREMENT BY 1
    NO MINVALUE
    NO MAXVALUE
    CACHE 1
);


--
-- Name: cats_catinfo; Type: TABLE; Schema: public; Owner: django_user
--

CREATE TABLE public.cats_catinfo (
    id bigint NOT NULL,
    name character varying(64) NOT NULL,
    color character varying(128) NOT NULL,
    gender character varying(1) NOT NULL,
    is_neutered boolean NOT NULL,
    birth_date date NOT NULL,
    intake_date date NOT NULL,
    is_at_shelter boolean NOT NULL,
    outtake_date date,
    outtake_reasons text,
    intake_place text,
    notes text,
    owner_id bigint
);


ALTER TABLE public.cats_catinfo OWNER TO django_user;

--
-- Name: cats_catinfo_id_seq; Type: SEQUENCE; Schema: public; Owner: django_user
--

ALTER TABLE public.cats_catinfo ALTER COLUMN id ADD GENERATED BY DEFAULT AS IDENTITY (
    SEQUENCE NAME public.cats_catinfo_id_seq
    START WITH 1
    INCREMENT BY 1
    NO MINVALUE
    NO MAXVALUE
    CACHE 1
);


--
-- Name: cats_catphoto; Type: TABLE; Schema: public; Owner: django_user
--

CREATE TABLE public.cats_catphoto (
    id bigint NOT NULL,
    image character varying(100) NOT NULL,
    is_main boolean NOT NULL,
    uploaded_at timestamp with time zone NOT NULL,
    animal_id bigint NOT NULL
);


ALTER TABLE public.cats_catphoto OWNER TO django_user;

--
-- Name: cats_catphoto_id_seq; Type: SEQUENCE; Schema: public; Owner: django_user
--

ALTER TABLE public.cats_catphoto ALTER COLUMN id ADD GENERATED BY DEFAULT AS IDENTITY (
    SEQUENCE NAME public.cats_catphoto_id_seq
    START WITH 1
    INCREMENT BY 1
    NO MINVALUE
    NO MAXVALUE
    CACHE 1
);


--
-- Name: database_dogphoto; Type: TABLE; Schema: public; Owner: django_user
--

CREATE TABLE public.database_dogphoto (
    id bigint NOT NULL,
    image character varying(100) NOT NULL,
    is_main boolean NOT NULL,
    uploaded_at timestamp with time zone NOT NULL,
    animal_id bigint NOT NULL
);


ALTER TABLE public.database_dogphoto OWNER TO django_user;

--
-- Name: database_animalphoto_id_seq; Type: SEQUENCE; Schema: public; Owner: django_user
--

ALTER TABLE public.database_dogphoto ALTER COLUMN id ADD GENERATED BY DEFAULT AS IDENTITY (
    SEQUENCE NAME public.database_animalphoto_id_seq
    START WITH 1
    INCREMENT BY 1
    NO MINVALUE
    NO MAXVALUE
    CACHE 1
);


--
-- Name: database_catdescription; Type: TABLE; Schema: public; Owner: django_user
--

CREATE TABLE public.database_catdescription (
    id bigint NOT NULL,
    bio text NOT NULL,
    "character" text NOT NULL,
    best_owner text,
    cat_id bigint NOT NULL
);


ALTER TABLE public.database_catdescription OWNER TO django_user;

--
-- Name: database_catdescription_id_seq; Type: SEQUENCE; Schema: public; Owner: django_user
--

ALTER TABLE public.database_catdescription ALTER COLUMN id ADD GENERATED BY DEFAULT AS IDENTITY (
    SEQUENCE NAME public.database_catdescription_id_seq
    START WITH 1
    INCREMENT BY 1
    NO MINVALUE
    NO MAXVALUE
    CACHE 1
);


--
-- Name: database_cathealth; Type: TABLE; Schema: public; Owner: django_user
--

CREATE TABLE public.database_cathealth (
    id bigint NOT NULL,
    chronic_diseases text,
    treatment text,
    notes text,
    felv_status character varying(1) NOT NULL,
    fiv_status character varying(1) NOT NULL,
    cat_id bigint NOT NULL
);


ALTER TABLE public.database_cathealth OWNER TO django_user;

--
-- Name: database_cathealth_id_seq; Type: SEQUENCE; Schema: public; Owner: django_user
--

ALTER TABLE public.database_cathealth ALTER COLUMN id ADD GENERATED BY DEFAULT AS IDENTITY (
    SEQUENCE NAME public.database_cathealth_id_seq
    START WITH 1
    INCREMENT BY 1
    NO MINVALUE
    NO MAXVALUE
    CACHE 1
);


--
-- Name: database_catinfo; Type: TABLE; Schema: public; Owner: django_user
--

CREATE TABLE public.database_catinfo (
    id bigint NOT NULL,
    name character varying(64) NOT NULL,
    color character varying(128) NOT NULL,
    gender character varying(1) NOT NULL,
    is_neutered boolean NOT NULL,
    notes text,
    owner_id bigint,
    birth_date date NOT NULL,
    intake_date date NOT NULL,
    intake_place text,
    is_at_shelter boolean NOT NULL,
    outtake_date date,
    outtake_reasons text
);


ALTER TABLE public.database_catinfo OWNER TO django_user;

--
-- Name: database_catinfo_id_seq; Type: SEQUENCE; Schema: public; Owner: django_user
--

ALTER TABLE public.database_catinfo ALTER COLUMN id ADD GENERATED BY DEFAULT AS IDENTITY (
    SEQUENCE NAME public.database_catinfo_id_seq
    START WITH 1
    INCREMENT BY 1
    NO MINVALUE
    NO MAXVALUE
    CACHE 1
);


--
-- Name: database_catphoto; Type: TABLE; Schema: public; Owner: django_user
--

CREATE TABLE public.database_catphoto (
    id bigint NOT NULL,
    image character varying(100) NOT NULL,
    is_main boolean NOT NULL,
    uploaded_at timestamp with time zone NOT NULL,
    animal_id bigint NOT NULL
);


ALTER TABLE public.database_catphoto OWNER TO django_user;

--
-- Name: database_catphoto_id_seq; Type: SEQUENCE; Schema: public; Owner: django_user
--

ALTER TABLE public.database_catphoto ALTER COLUMN id ADD GENERATED BY DEFAULT AS IDENTITY (
    SEQUENCE NAME public.database_catphoto_id_seq
    START WITH 1
    INCREMENT BY 1
    NO MINVALUE
    NO MAXVALUE
    CACHE 1
);


--
-- Name: database_dogdescription; Type: TABLE; Schema: public; Owner: django_user
--

CREATE TABLE public.database_dogdescription (
    id bigint NOT NULL,
    bio text NOT NULL,
    "character" text NOT NULL,
    best_owner text,
    dog_id bigint NOT NULL
);


ALTER TABLE public.database_dogdescription OWNER TO django_user;

--
-- Name: database_dogdescription_id_seq; Type: SEQUENCE; Schema: public; Owner: django_user
--

ALTER TABLE public.database_dogdescription ALTER COLUMN id ADD GENERATED BY DEFAULT AS IDENTITY (
    SEQUENCE NAME public.database_dogdescription_id_seq
    START WITH 1
    INCREMENT BY 1
    NO MINVALUE
    NO MAXVALUE
    CACHE 1
);


--
-- Name: database_doghealth; Type: TABLE; Schema: public; Owner: django_user
--

CREATE TABLE public.database_doghealth (
    id bigint NOT NULL,
    chronic_diseases text,
    treatment text,
    notes text,
    dog_id bigint NOT NULL
);


ALTER TABLE public.database_doghealth OWNER TO django_user;

--
-- Name: database_doghealth_id_seq; Type: SEQUENCE; Schema: public; Owner: django_user
--

ALTER TABLE public.database_doghealth ALTER COLUMN id ADD GENERATED BY DEFAULT AS IDENTITY (
    SEQUENCE NAME public.database_doghealth_id_seq
    START WITH 1
    INCREMENT BY 1
    NO MINVALUE
    NO MAXVALUE
    CACHE 1
);


--
-- Name: database_doginfo; Type: TABLE; Schema: public; Owner: django_user
--

CREATE TABLE public.database_doginfo (
    id bigint NOT NULL,
    name character varying(64) NOT NULL,
    color character varying(128) NOT NULL,
    gender character varying(1) NOT NULL,
    is_neutered boolean NOT NULL,
    notes text,
    owner_id bigint,
    birth_date date NOT NULL,
    intake_date date NOT NULL,
    intake_place text,
    is_at_shelter boolean NOT NULL,
    outtake_date date,
    outtake_reasons text,
    kennel character varying(64),
    height character varying(4) NOT NULL
);


ALTER TABLE public.database_doginfo OWNER TO django_user;

--
-- Name: database_doginfo_id_seq; Type: SEQUENCE; Schema: public; Owner: django_user
--

ALTER TABLE public.database_doginfo ALTER COLUMN id ADD GENERATED BY DEFAULT AS IDENTITY (
    SEQUENCE NAME public.database_doginfo_id_seq
    START WITH 1
    INCREMENT BY 1
    NO MINVALUE
    NO MAXVALUE
    CACHE 1
);


--
-- Name: database_owner; Type: TABLE; Schema: public; Owner: django_user
--

CREATE TABLE public.database_owner (
    id bigint NOT NULL,
    first_name character varying(64) NOT NULL,
    last_name character varying(64) NOT NULL,
    address character varying(128),
    phone_number character varying(64),
    surname character varying(128)
);


ALTER TABLE public.database_owner OWNER TO django_user;

--
-- Name: database_owner_id_seq; Type: SEQUENCE; Schema: public; Owner: django_user
--

ALTER TABLE public.database_owner ALTER COLUMN id ADD GENERATED BY DEFAULT AS IDENTITY (
    SEQUENCE NAME public.database_owner_id_seq
    START WITH 1
    INCREMENT BY 1
    NO MINVALUE
    NO MAXVALUE
    CACHE 1
);


--
-- Name: django_admin_log; Type: TABLE; Schema: public; Owner: django_user
--

CREATE TABLE public.django_admin_log (
    id integer NOT NULL,
    action_time timestamp with time zone NOT NULL,
    object_id text,
    object_repr character varying(200) NOT NULL,
    action_flag smallint NOT NULL,
    change_message text NOT NULL,
    content_type_id integer,
    user_id integer NOT NULL,
    CONSTRAINT django_admin_log_action_flag_check CHECK ((action_flag >= 0))
);


ALTER TABLE public.django_admin_log OWNER TO django_user;

--
-- Name: django_admin_log_id_seq; Type: SEQUENCE; Schema: public; Owner: django_user
--

ALTER TABLE public.django_admin_log ALTER COLUMN id ADD GENERATED BY DEFAULT AS IDENTITY (
    SEQUENCE NAME public.django_admin_log_id_seq
    START WITH 1
    INCREMENT BY 1
    NO MINVALUE
    NO MAXVALUE
    CACHE 1
);


--
-- Name: django_content_type; Type: TABLE; Schema: public; Owner: django_user
--

CREATE TABLE public.django_content_type (
    id integer NOT NULL,
    app_label character varying(100) NOT NULL,
    model character varying(100) NOT NULL
);


ALTER TABLE public.django_content_type OWNER TO django_user;

--
-- Name: django_content_type_id_seq; Type: SEQUENCE; Schema: public; Owner: django_user
--

ALTER TABLE public.django_content_type ALTER COLUMN id ADD GENERATED BY DEFAULT AS IDENTITY (
    SEQUENCE NAME public.django_content_type_id_seq
    START WITH 1
    INCREMENT BY 1
    NO MINVALUE
    NO MAXVALUE
    CACHE 1
);


--
-- Name: django_migrations; Type: TABLE; Schema: public; Owner: django_user
--

CREATE TABLE public.django_migrations (
    id integer NOT NULL,
    app character varying(255) NOT NULL,
    name character varying(255) NOT NULL,
    applied timestamp with time zone NOT NULL
);


ALTER TABLE public.django_migrations OWNER TO django_user;

--
-- Name: django_migrations_id_seq; Type: SEQUENCE; Schema: public; Owner: django_user
--

ALTER TABLE public.django_migrations ALTER COLUMN id ADD GENERATED BY DEFAULT AS IDENTITY (
    SEQUENCE NAME public.django_migrations_id_seq
    START WITH 1
    INCREMENT BY 1
    NO MINVALUE
    NO MAXVALUE
    CACHE 1
);


--
-- Name: django_session; Type: TABLE; Schema: public; Owner: django_user
--

CREATE TABLE public.django_session (
    session_key character varying(40) NOT NULL,
    session_data text NOT NULL,
    expire_date timestamp with time zone NOT NULL
);


ALTER TABLE public.django_session OWNER TO django_user;

--
-- Name: dogs_dogdescription; Type: TABLE; Schema: public; Owner: django_user
--

CREATE TABLE public.dogs_dogdescription (
    id bigint NOT NULL,
    bio text NOT NULL,
    "character" text NOT NULL,
    best_owner text,
    dog_id bigint NOT NULL
);


ALTER TABLE public.dogs_dogdescription OWNER TO django_user;

--
-- Name: dogs_dogdescription_id_seq; Type: SEQUENCE; Schema: public; Owner: django_user
--

ALTER TABLE public.dogs_dogdescription ALTER COLUMN id ADD GENERATED BY DEFAULT AS IDENTITY (
    SEQUENCE NAME public.dogs_dogdescription_id_seq
    START WITH 1
    INCREMENT BY 1
    NO MINVALUE
    NO MAXVALUE
    CACHE 1
);


--
-- Name: dogs_doghealth; Type: TABLE; Schema: public; Owner: django_user
--

CREATE TABLE public.dogs_doghealth (
    id bigint NOT NULL,
    chronic_diseases text,
    treatment text,
    notes text,
    dog_id bigint NOT NULL
);


ALTER TABLE public.dogs_doghealth OWNER TO django_user;

--
-- Name: dogs_doghealth_id_seq; Type: SEQUENCE; Schema: public; Owner: django_user
--

ALTER TABLE public.dogs_doghealth ALTER COLUMN id ADD GENERATED BY DEFAULT AS IDENTITY (
    SEQUENCE NAME public.dogs_doghealth_id_seq
    START WITH 1
    INCREMENT BY 1
    NO MINVALUE
    NO MAXVALUE
    CACHE 1
);


--
-- Name: dogs_doginfo; Type: TABLE; Schema: public; Owner: django_user
--

CREATE TABLE public.dogs_doginfo (
    id bigint NOT NULL,
    name character varying(64) NOT NULL,
    color character varying(128) NOT NULL,
    gender character varying(1) NOT NULL,
    is_neutered boolean NOT NULL,
    birth_date date NOT NULL,
    intake_date date NOT NULL,
    is_at_shelter boolean NOT NULL,
    outtake_date date,
    outtake_reasons text,
    intake_place text,
    notes text,
    kennel character varying(64),
    height character varying(4) NOT NULL,
    owner_id bigint
);


ALTER TABLE public.dogs_doginfo OWNER TO django_user;

--
-- Name: dogs_doginfo_id_seq; Type: SEQUENCE; Schema: public; Owner: django_user
--

ALTER TABLE public.dogs_doginfo ALTER COLUMN id ADD GENERATED BY DEFAULT AS IDENTITY (
    SEQUENCE NAME public.dogs_doginfo_id_seq
    START WITH 1
    INCREMENT BY 1
    NO MINVALUE
    NO MAXVALUE
    CACHE 1
);


--
-- Name: dogs_dogphoto; Type: TABLE; Schema: public; Owner: django_user
--

CREATE TABLE public.dogs_dogphoto (
    id bigint NOT NULL,
    image character varying(100) NOT NULL,
    is_main boolean NOT NULL,
    uploaded_at timestamp with time zone NOT NULL,
    animal_id bigint NOT NULL
);


ALTER TABLE public.dogs_dogphoto OWNER TO django_user;

--
-- Name: dogs_dogphoto_id_seq; Type: SEQUENCE; Schema: public; Owner: django_user
--

ALTER TABLE public.dogs_dogphoto ALTER COLUMN id ADD GENERATED BY DEFAULT AS IDENTITY (
    SEQUENCE NAME public.dogs_dogphoto_id_seq
    START WITH 1
    INCREMENT BY 1
    NO MINVALUE
    NO MAXVALUE
    CACHE 1
);


--
-- Name: taggit_tag; Type: TABLE; Schema: public; Owner: django_user
--

CREATE TABLE public.taggit_tag (
    id integer NOT NULL,
    name character varying(100) NOT NULL,
    slug character varying(100) NOT NULL
);


ALTER TABLE public.taggit_tag OWNER TO django_user;

--
-- Name: taggit_tag_id_seq; Type: SEQUENCE; Schema: public; Owner: django_user
--

ALTER TABLE public.taggit_tag ALTER COLUMN id ADD GENERATED BY DEFAULT AS IDENTITY (
    SEQUENCE NAME public.taggit_tag_id_seq
    START WITH 1
    INCREMENT BY 1
    NO MINVALUE
    NO MAXVALUE
    CACHE 1
);


--
-- Name: taggit_taggeditem; Type: TABLE; Schema: public; Owner: django_user
--

CREATE TABLE public.taggit_taggeditem (
    id integer NOT NULL,
    object_id integer NOT NULL,
    content_type_id integer NOT NULL,
    tag_id integer NOT NULL
);


ALTER TABLE public.taggit_taggeditem OWNER TO django_user;

--
-- Name: taggit_taggeditem_id_seq; Type: SEQUENCE; Schema: public; Owner: django_user
--

ALTER TABLE public.taggit_taggeditem ALTER COLUMN id ADD GENERATED BY DEFAULT AS IDENTITY (
    SEQUENCE NAME public.taggit_taggeditem_id_seq
    START WITH 1
    INCREMENT BY 1
    NO MINVALUE
    NO MAXVALUE
    CACHE 1
);


--
-- Data for Name: auth_group; Type: TABLE DATA; Schema: public; Owner: django_user
--

COPY public.auth_group (id, name) FROM stdin;
\.


--
-- Data for Name: auth_group_permissions; Type: TABLE DATA; Schema: public; Owner: django_user
--

COPY public.auth_group_permissions (id, group_id, permission_id) FROM stdin;
\.


--
-- Data for Name: auth_permission; Type: TABLE DATA; Schema: public; Owner: django_user
--

COPY public.auth_permission (id, name, content_type_id, codename) FROM stdin;
1	Can add log entry	1	add_logentry
2	Can change log entry	1	change_logentry
3	Can delete log entry	1	delete_logentry
4	Can view log entry	1	view_logentry
5	Can add permission	2	add_permission
6	Can change permission	2	change_permission
7	Can delete permission	2	delete_permission
8	Can view permission	2	view_permission
9	Can add group	3	add_group
10	Can change group	3	change_group
11	Can delete group	3	delete_group
12	Can view group	3	view_group
13	Can add user	4	add_user
14	Can change user	4	change_user
15	Can delete user	4	delete_user
16	Can view user	4	view_user
17	Can add content type	5	add_contenttype
18	Can change content type	5	change_contenttype
19	Can delete content type	5	delete_contenttype
20	Can view content type	5	view_contenttype
21	Can add session	6	add_session
22	Can change session	6	change_session
23	Can delete session	6	delete_session
24	Can view session	6	view_session
25	Can add категория	7	add_category
26	Can change категория	7	change_category
27	Can delete категория	7	delete_category
28	Can view категория	7	view_category
29	Can add публикация	8	add_post
30	Can change публикация	8	change_post
31	Can delete публикация	8	delete_post
32	Can view публикация	8	view_post
33	Can add Владелец	9	add_owner
34	Can change Владелец	9	change_owner
35	Can delete Владелец	9	delete_owner
36	Can view Владелец	9	view_owner
37	Can add Собака	10	add_doginfo
38	Can change Собака	10	change_doginfo
39	Can delete Собака	10	delete_doginfo
40	Can view Собака	10	view_doginfo
41	Can add Кошка	11	add_catinfo
42	Can change Кошка	11	change_catinfo
43	Can delete Кошка	11	delete_catinfo
44	Can view Кошка	11	view_catinfo
45	Can add Здоровье кошки	12	add_cathealth
46	Can change Здоровье кошки	12	change_cathealth
47	Can delete Здоровье кошки	12	delete_cathealth
48	Can view Здоровье кошки	12	view_cathealth
49	Can add Здоровье собаки	13	add_doghealth
50	Can change Здоровье собаки	13	change_doghealth
51	Can delete Здоровье собаки	13	delete_doghealth
52	Can view Здоровье собаки	13	view_doghealth
53	Can add Описание собаки	14	add_dogdescription
54	Can change Описание собаки	14	change_dogdescription
55	Can delete Описание собаки	14	delete_dogdescription
56	Can view Описание собаки	14	view_dogdescription
57	Can add Фотография собаки	15	add_dogphoto
58	Can change Фотография собаки	15	change_dogphoto
59	Can delete Фотография собаки	15	delete_dogphoto
60	Can view Фотография собаки	15	view_dogphoto
61	Can add Описание кошки	16	add_catdescription
62	Can change Описание кошки	16	change_catdescription
63	Can delete Описание кошки	16	delete_catdescription
64	Can view Описание кошки	16	view_catdescription
65	Can add Фотография кошки	17	add_catphoto
66	Can change Фотография кошки	17	change_catphoto
67	Can delete Фотография кошки	17	delete_catphoto
68	Can view Фотография кошки	17	view_catphoto
69	Can add Собака	18	add_doginfo
70	Can change Собака	18	change_doginfo
71	Can delete Собака	18	delete_doginfo
72	Can view Собака	18	view_doginfo
73	Can add Здоровье собаки	19	add_doghealth
74	Can change Здоровье собаки	19	change_doghealth
75	Can delete Здоровье собаки	19	delete_doghealth
76	Can view Здоровье собаки	19	view_doghealth
77	Can add Описание собаки	20	add_dogdescription
78	Can change Описание собаки	20	change_dogdescription
79	Can delete Описание собаки	20	delete_dogdescription
80	Can view Описание собаки	20	view_dogdescription
81	Can add Фотография собаки	21	add_dogphoto
82	Can change Фотография собаки	21	change_dogphoto
83	Can delete Фотография собаки	21	delete_dogphoto
84	Can view Фотография собаки	21	view_dogphoto
85	Can add Кошка	22	add_catinfo
86	Can change Кошка	22	change_catinfo
87	Can delete Кошка	22	delete_catinfo
88	Can view Кошка	22	view_catinfo
89	Can add Здоровье кошки	23	add_cathealth
90	Can change Здоровье кошки	23	change_cathealth
91	Can delete Здоровье кошки	23	delete_cathealth
92	Can view Здоровье кошки	23	view_cathealth
93	Can add Описание кошки	24	add_catdescription
94	Can change Описание кошки	24	change_catdescription
95	Can delete Описание кошки	24	delete_catdescription
96	Can view Описание кошки	24	view_catdescription
97	Can add Фотография кошки	25	add_catphoto
98	Can change Фотография кошки	25	change_catphoto
99	Can delete Фотография кошки	25	delete_catphoto
100	Can view Фотография кошки	25	view_catphoto
101	Can add Картинка для блога	26	add_blogimage
102	Can change Картинка для блога	26	change_blogimage
103	Can delete Картинка для блога	26	delete_blogimage
104	Can view Картинка для блога	26	view_blogimage
105	Can add tag	27	add_tag
106	Can change tag	27	change_tag
107	Can delete tag	27	delete_tag
108	Can view tag	27	view_tag
109	Can add tagged item	28	add_taggeditem
110	Can change tagged item	28	change_taggeditem
111	Can delete tagged item	28	delete_taggeditem
112	Can view tagged item	28	view_taggeditem
\.


--
-- Data for Name: auth_user; Type: TABLE DATA; Schema: public; Owner: django_user
--

COPY public.auth_user (id, password, last_login, is_superuser, username, first_name, last_name, email, is_staff, is_active, date_joined) FROM stdin;
1	pbkdf2_sha256$1000000$oRs16GOrXYp8MU0uJyBj2d$o7FcA7lPle+srGfc/2wJFo53pHciLWFBcykRvNLP7VM=	2026-03-20 12:19:50.546676+00	t	gasuaska			gasuaska2@gmail.com	t	t	2026-03-20 12:18:15.071966+00
\.


--
-- Data for Name: auth_user_groups; Type: TABLE DATA; Schema: public; Owner: django_user
--

COPY public.auth_user_groups (id, user_id, group_id) FROM stdin;
\.


--
-- Data for Name: auth_user_user_permissions; Type: TABLE DATA; Schema: public; Owner: django_user
--

COPY public.auth_user_user_permissions (id, user_id, permission_id) FROM stdin;
\.


--
-- Data for Name: blog_blogimage; Type: TABLE DATA; Schema: public; Owner: django_user
--

COPY public.blog_blogimage (id, image, alt_text, uploaded_at, full_url) FROM stdin;
1	blog_images/изображение_2026-03-20_221328730.png	cloth muzzle	2026-03-20 17:13:31.813587+00	/media/blog_images/изображение_2026-03-20_221328730.png
2	blog_images/изображение_2026-03-20_224403047.png	overheat info	2026-03-20 17:44:20.560683+00	/media/blog_images/изображение_2026-03-20_224403047.png
3	blog_images/open_mouths_2026-03-20_180652.png	open mouths	2026-03-20 18:06:52.760961+00	/media/изображение_2026-03-20_230641082.png
\.


--
-- Data for Name: blog_category; Type: TABLE DATA; Schema: public; Owner: django_user
--

COPY public.blog_category (id, is_published, created_at, title, slug) FROM stdin;
1	t	2026-03-20 15:39:21.702196+00	пыщ	pysh
\.


--
-- Data for Name: blog_post; Type: TABLE DATA; Schema: public; Owner: django_user
--

COPY public.blog_post (id, is_published, created_at, title, text, pub_date, image, author_id, category_id) FROM stdin;
1	t	2026-03-20 15:39:29.946255+00	Про выбор намордника для собаки	Давайте поговорим о выборе намордника для собаки.  \r\n<br>\r\n<img src="/media/blog_images/изображение_2026-03-20_221328730.png" height="500">\r\n<br>\r\n*Вот так гулять точно нельзя*\r\n<br>\r\n<br>\r\nЕго прикол в том, что он, если правильно надет, не дает собаке открыть рот вообще. Поэтому его используют на приеме у врача или при неприятных процедурах дома - чтобы собачка не тяпнула хозяина и ветеринаров.\r\n<br>\r\n<br>\r\nНо в таком наморднике ни в коем случае нельзя гулять.\r\n<br>\r\nПочему?\r\n<br>\r\nВсе просто. В отличие от людей, у которых потовые железы расположены по всему телу, у собак они есть только на подушечках лап (поэтому, если посадить собаку на прохладную невпитывающую поверхность, когда она встанет, можно заметить слегка влажный след от лап).\r\n<br>\r\n<br>\r\nБольшая часть собак, к тому же, покрыты шерстью, которая действует как термос - замедляет охлаждение, когда температура окружающей среды ниже, и мешает перегреться, когда выше.\r\n<br>\r\nПоэтому основное охлаждение у собак происходит через пасть - собака широко открывает рот и часто дышит - слюна испаряется и охлаждает собаку.\r\n<br>\r\n<br>\r\nЕсли собака не может открыть пасть, она не может нормально охладиться. На прогулке такая собака активно двигается, перегревается и может получить тепловой удар.\r\n<br>\r\n<br>\r\nОт теплового удара можно получить кучу разных последствий: от банальной рвоты и лютой головной боли, до сердечной недостаточности, тромбоза, нарушения работы почек и повреждений мозга. Порой эти осложнения неизлечимы. Иногда от него умирают - если не успевают добраться до ветеринара или хотя бы прекратить перегрев.\r\n<br>\r\n<br>\r\n<img src="/media/blog_images/изображение_2026-03-20_224403047.png" heigth="600">\r\n<br>\r\n*обожаю воровать инфографику из Гугла*\r\n<br>\r\n<br>\r\nОсобенно опасен перегрев брахицефалам (собакам с короткой мордой, к ним относятся все бульдоги, боксеры, , мопсы, чишки, пекинесы, куча других короткомордых декорашечек, и внезапно питбули, булли и стаффорды, подробнее о брахицефалах рассказывал ksenobianinSanta), породам, предрасположенным к проблемам с сердцем, не молодым, жирненьким и уже болеющим животным.\r\n<br>\r\n<br>\r\nТак вот.\r\n<br>\r\n<br>\r\nПерегреться собака может при практически любой плюсовой темературе.\r\n<br>\r\n<br>\r\nНапример, по правилам ездового спорта, собакам вообще нельзя работать при температуре выше +22, а с +16 - с ограничениями.\r\n<br>\r\n<br>\r\nНапомню, это для собак, которые могут открыть пасть во время бега.\r\n<br>\r\n<br>\r\n*Собачка для хаунд трейлинга - бритая, несмотря на отсутсвие подшерстка - чтобы увеличить эффективность теплоотдачи, пока несется со скоростью порядка 30 км/ч по следу - и это в прохладной осенней Англии*\r\n<br>\r\n<br>\r\nВ тряпичном наморднике, если он надет правильно, пасть не открывается. Если он надет неправильно и пасть можно открыть, то от него нет смысла - собака может и укусить, и подобрать гадость.\r\n<br>\r\n<br>\r\nПоэтому диапазон допустимой температуры для такого намордника уменьшается еще сильнее.\r\n<br>\r\n<br>\r\nНу и да, при минусе ткань обледеневает - собака дышит теплым паром и он оседает на наморднике, сует нос в снег - и он тает. В итоге можно получить обморожение.\r\n<br>\r\n<br>\r\nПодытожим.\r\n<br>\r\n<br>\r\n###НЕЛЬЗЯ ГУЛЯТЬ С СОБАКОЙ В ТРЯПИЧНОМ НАМОРДНИКЕ\r\n<br>\r\n<br>\r\n(как и в любом другом, не дающем открыть пасть и свободно дышать)\r\n<br>\r\n<br>\r\nЧто же делать, если собаке все-таки нужен намордник?\r\nКупить такой, чтобы можно было **широко открыть пасть**, и при этом не было возможности кусать людей.\r\n<br>\r\n<br>\r\nИ тут возникает проблема.\r\n<br>\r\n<br>\r\nЕсли вы не житель мегаполиса, в местном зоомагазине вы, скорее всего, не найдете подходящий намордас.\r\n<br>\r\n<br>\r\nАссортимент большинства ограничен тряпичными, смешными силиконовыми в виде уточек (которые тоже плотно стискивают пасть), да несколькими кожаными.\r\n<br>\r\n<br>\r\n*Пес смешной, ситуация - страшная. Не надо так.*\r\n<br>\r\n<br>\r\nПочему **кожаные** не очень?\r\n<br>\r\n<br>\r\nЗачастую в массмаркете у них такая же дурацкая конструкция: узкие, так, чтобы нельзя было открыть пасть.\r\n<br>\r\n<br>\r\nПричем, они дубеют в процессе носки - особенно из кожзама, становятся жестким, неудобными. Давайте не забывать, что морда собаки - очень чувствительное место: тут и нос, и вибриссы, и губы, и подолгу носить жесткий натирающий предмет - негуманно и становится еще одним неприятным раздражителем. А если нам нужно спокойное поведение собаки, то добавлять еще один треплющий нервы фактор - такое себе. К тому же, если собака засунет нос в говно или тухлятину, это все не только забьется в щели между ремнями, но и вонять будут еще долго, сколько ни отмывай.\r\n<br>\r\n<br>\r\n*Некорректно подобранный кожаный намордник*\r\n<br>\r\n<br>\r\nВ лучшем случае будут **узкие пластиковые корзинки**. Такие надо подбирать на несколько размеров больше официального размерного ряда, чтобы по длине носа свободно болтался, а пасть была хоть немного открыта.\r\n<br>\r\n<br>\r\n*Самый популярный пластиковый намордник, тут корректно взят с запасом по ширине. Если выбирать так, чтобы по длине не был велик, собака не откроет пасть.*\r\n<br>\r\n<br>\r\nЕсли совсем повезет, можно наткнуться на **Баскервилль**. Но в глубинке такое редко - штука дорогая, нерентабельно такое продавать раз в год.\r\n<br>\r\n<br>\r\nПоэтому лучший вариант - измерить собакину голову и заказать в интернете.\r\n<br>\r\n<br>\r\nМой личный фаворит для кусачей немчарки - это **металлический Gappay** с резиновым покрытием (есть еще очень похожие, но менее распространённые FDT). Это легкие крепкие металлические корзинки, в которых можно очень широко открыть пасть. Прям очень - и гулять в любую погоду, хлебать водичку и есть вкусняшки, не снимая.\r\n<br>\r\n<br>\r\nОни очень часто используются для собак в армии и полиции, особенно за границей.\r\n<br>\r\n<br>\r\nДелаются на много пород, так что можно замерить свою собаку и выбрать подходящий.\r\n<br>\r\n<br>\r\nИз минусов - в Россию их возят из Чехии единичные энтузиасты, поэтому цена там, скажем так, неприятная (но если вы завели собаку, особенно - породистую, три-четыре штуки выложить раз в жизни, наверное, посильно?). Если начинаются проблемы с санкциями или курсом евро, доставка может задержаться на несколько недель.\r\n<br>\r\n<br>\r\nВторой минус - таким можно сломать нос, разбить губу или наставить синяков.\r\n<br>\r\n<br>\r\nНо для потенциально кусающейся собаки - мастхэв.\r\n<br>\r\n<br>\r\n*Авафовна автора. Остальные фотографии - из этих ваших интернетов, надеюсь, хозяева собак не расстроятся.*\r\n<br>\r\n<br>\r\nЕсли на гаппай нет денег, на маркетплейсах есть разные ноунеймовые **металлические намордники**, в которых собака тоже может приоткрыть рот.\r\n<br>\r\n<br>\r\n*замечательная придурошная морда с отзывов на Озоне)*\r\n<br>\r\n<br>\r\nОни менее удобные - более узкие, но в последнее время появилась положительная динамика.\r\n<br>\r\n<br>\r\nЗимой можно обморозить морду об металлические прутья.\r\n<br>\r\n<br>\r\nНо и цена в 5-10 раз меньше.\r\n<br>\r\n<br>\r\n*слева - Гаппай на немца, справа - ноунейм для овчарки с маркетплейса - сравните, сколько свободного места у каждого. Как думаете, в каком собаке комфортнее?*\r\n<br>\r\n<br>\r\nДля брахицефалов очень неплохи пластиковые намордники **Baskerville** (или их аналоги из пластика или силикона с того же Алиэкспресса). Для собак с длинной мордой подобрать будет сложнее.\r\n<br>\r\n<br>\r\nИз плюсов - если нагреть намордник под горячей водой, его можно немного подогнать под конкретную собаку.\r\n<br>\r\n<br>\r\nЕсли это китайская реплика, размеры могут несколько отличаться, а пластик - быть более хрупким.\r\n<br>\r\n<br>\r\n*брыльки у сырых собак - отдельная проблема: да, их можно упихать в узкий намордник и так, но удобства животному это не добавит, а травмировать можно(*\r\n<br>\r\n<br>\r\nЕсли у вас небольшая собака или основная проблема - подбирание гадостей, вариантов становится больше.\r\n<br>\r\n<br>\r\nНапример, **беговые намордники** - изначально они были созданы для борзых, чтобы не повредить добычу (например, механического зайца на курсинге) или не подраться в процессе.\r\n<br>\r\n<br>\r\nЭто максимально лёгкие намордники, в которых очень широко открывается пасть.\r\n<br>\r\n<br>\r\nИдеальная штука для выгула жрущей говно собаки.\r\n<br>\r\n<br>\r\nТакие есть **у китайцев на Алиэкспрессе** - более дешевые пластиковые и дорогие металлические.\r\n<br>\r\n<br>\r\nИз минусов: долго едут, пластиковые порой с дефектами отливки, так что надо допилить напильником. В отзывах ругаются, что могут быть разного размера даже внутри одного размерного ряда. На морозе хрупчают, а сильная злая собака такой сломает. *(кстати, со времен написания статьи появились на ОЗОНЕ и ВБ и стоят там пристойных денег)*\r\n<br>\r\n<br>\r\nНо по опыту с подбирающей небольшой собачкой - очень достойная штука.\r\n<br>\r\n<br>\r\nЛучший бюджетный вариант.\r\n<br>\r\n<br>\r\n*Смотрите, сколько места. Закрытый перед спасает от подбора - не полностью, но дает выиграть время и успеть отобрать.*\r\n<br>\r\n<br>\r\nА еще есть отечественные энтузиасты, которые печатают свои на 3D принтерах, например, **GLUC** (это не реклама, честно). Красиво выглядят, чуваки стараются и постоянно оптимизируют намордники по весу и размерам.\r\n<br>\r\n<br>\r\nНе знаю, что с механическими характеристиками - все-таки, напечатанные детали обычно хрупче литых, но если не избивать мордой прохожих, быстро сломаться не должны.\r\n<br>\r\n<br>\r\nОчень надеюсь, что дело не прекратят. Нашим собакам нужны удобные намордники!\r\n<br>\r\n<br>\r\nЦена - выше китайских беговых, но ниже Гаппая.\r\n<br>\r\n<br>\r\n*аналогично, огромный запас по объему*\r\n<br>\r\n<br>\r\nСовсем непопулярный вариант: сделать намордник **из биотана в мастерской**. Биотан - это такая покрытая полимером стропа, используется в медицинских целях, в спорте, военке и прочей высокотехнологичной деятельности. В последнее время активно используют для амуниции для собак - биотановая амуниция не промокает, не пачкается, не гниет. Достаточно прочная и красивая штука.\r\n<br>\r\n<br>\r\nВ общем, из него можно сделать аналог кожаного намордника, но лишенный его минусов - впитывания запахов и дубения.\r\n<br>\r\n<br>\r\nНедёшево, качество зависит от конкретной мастерской.\r\n<br>\r\n<br>\r\n*Для крупных молоссов и нераспространенных пород - пожалуй, единственный способ: сколько будет весить металлический на такую голову - страшно представить.*\r\n<br>\r\n<br>\r\nЕсть еще разные варианты: попросить у местных умельцев сварить по размерам, беговые намордники не только с алиэкспресса, сделать из кожи и ухаживать за ним, но основные варианты я, вроде бы, перечислила.\r\n<br>\r\n<br>\r\nВ общем, если вы дожили до конца поста, еще раз подытожу:\r\n<br>\r\n<br>\r\n1. Тряпичный намордник - только для посещения ветклиники и кратковременных медицинских процедур. Не для прогулки;\r\n<br>\r\n<br>\r\n2. Намордник - не зло, а необходимый предмет амуниции, но нужно тщательно выбирать его, чтобы не навредить собаке;\r\n<br>\r\n<br>\r\n3. Собаки охлаждаются через пасть. Закрытая пасть чревата тепловым ударом, от теплового удара можно умереть;\r\n<br>\r\n<br>\r\n4. Выбирая намордник, обратите внимание не только на длину (нос не должен упираться в намордник, но и болтаться слишком сильно не стоит), но и на ширину: собака должна иметь возможность открыть рот, и чем шире - тем лучше. Идеальная форма - Гаппай или беговые намордники;\r\n<br>\r\n<br>\r\n5. Пластиковый намордник - не вариант для сильных агрессивных животных и хрупок на морозе. Металл без покрытия может вызвать обморожение зимой. Кожа дубеет и впитывает запахи. Выбирайте материал, исходя из финансовых возможностей и условий содержания собаки;\r\n<br>\r\n<br>\r\n6. Намордник не отменяет воспитания! Но качественный намордник - залог вашего спокойствия, а значит, первый кирпичик в установлении взаимопонимания с собакой.\r\n<br>\r\n<br>\r\nТакие вот дела. Спасибо за внимание!	2026-03-20 15:38:52+00		1	1
\.


--
-- Data for Name: cats_catdescription; Type: TABLE DATA; Schema: public; Owner: django_user
--

COPY public.cats_catdescription (id, bio, "character", best_owner, cat_id) FROM stdin;
\.


--
-- Data for Name: cats_cathealth; Type: TABLE DATA; Schema: public; Owner: django_user
--

COPY public.cats_cathealth (id, chronic_diseases, treatment, notes, felv_status, fiv_status, cat_id) FROM stdin;
\.


--
-- Data for Name: cats_catinfo; Type: TABLE DATA; Schema: public; Owner: django_user
--

COPY public.cats_catinfo (id, name, color, gender, is_neutered, birth_date, intake_date, is_at_shelter, outtake_date, outtake_reasons, intake_place, notes, owner_id) FROM stdin;
\.


--
-- Data for Name: cats_catphoto; Type: TABLE DATA; Schema: public; Owner: django_user
--

COPY public.cats_catphoto (id, image, is_main, uploaded_at, animal_id) FROM stdin;
\.


--
-- Data for Name: database_catdescription; Type: TABLE DATA; Schema: public; Owner: django_user
--

COPY public.database_catdescription (id, bio, "character", best_owner, cat_id) FROM stdin;
\.


--
-- Data for Name: database_cathealth; Type: TABLE DATA; Schema: public; Owner: django_user
--

COPY public.database_cathealth (id, chronic_diseases, treatment, notes, felv_status, fiv_status, cat_id) FROM stdin;
\.


--
-- Data for Name: database_catinfo; Type: TABLE DATA; Schema: public; Owner: django_user
--

COPY public.database_catinfo (id, name, color, gender, is_neutered, notes, owner_id, birth_date, intake_date, intake_place, is_at_shelter, outtake_date, outtake_reasons) FROM stdin;
\.


--
-- Data for Name: database_catphoto; Type: TABLE DATA; Schema: public; Owner: django_user
--

COPY public.database_catphoto (id, image, is_main, uploaded_at, animal_id) FROM stdin;
\.


--
-- Data for Name: database_dogdescription; Type: TABLE DATA; Schema: public; Owner: django_user
--

COPY public.database_dogdescription (id, bio, "character", best_owner, dog_id) FROM stdin;
\.


--
-- Data for Name: database_doghealth; Type: TABLE DATA; Schema: public; Owner: django_user
--

COPY public.database_doghealth (id, chronic_diseases, treatment, notes, dog_id) FROM stdin;
\.


--
-- Data for Name: database_doginfo; Type: TABLE DATA; Schema: public; Owner: django_user
--

COPY public.database_doginfo (id, name, color, gender, is_neutered, notes, owner_id, birth_date, intake_date, intake_place, is_at_shelter, outtake_date, outtake_reasons, kennel, height) FROM stdin;
\.


--
-- Data for Name: database_dogphoto; Type: TABLE DATA; Schema: public; Owner: django_user
--

COPY public.database_dogphoto (id, image, is_main, uploaded_at, animal_id) FROM stdin;
\.


--
-- Data for Name: database_owner; Type: TABLE DATA; Schema: public; Owner: django_user
--

COPY public.database_owner (id, first_name, last_name, address, phone_number, surname) FROM stdin;
\.


--
-- Data for Name: django_admin_log; Type: TABLE DATA; Schema: public; Owner: django_user
--

COPY public.django_admin_log (id, action_time, object_id, object_repr, action_flag, change_message, content_type_id, user_id) FROM stdin;
1	2026-03-20 12:27:27.01477+00	1	Степа	1	[{"added": {}}]	18	1
2	2026-03-20 12:36:55.806183+00	1	псина	2	[{"changed": {"fields": ["Slug"]}}]	27	1
3	2026-03-20 12:38:03.689507+00	2	рыжий	2	[{"changed": {"fields": ["Slug"]}}]	27	1
4	2026-03-20 13:13:47.137596+00	1	Степа	2	[]	18	1
5	2026-03-20 13:14:07.658201+00	1	Степа	2	[{"changed": {"fields": ["tags"]}}]	18	1
6	2026-03-20 13:18:19.395355+00	3	котик	1	[{"added": {}}]	27	1
7	2026-03-20 13:18:40.517272+00	4	пушистый	1	[{"added": {}}]	27	1
8	2026-03-20 13:18:49.03272+00	5	лысый	1	[{"added": {}}]	27	1
9	2026-03-20 14:12:53.980923+00	1	Степа	2	[{"changed": {"fields": ["tags"]}}]	18	1
10	2026-03-20 14:14:30.481819+00	2	Варежка	1	[{"added": {}}]	18	1
11	2026-03-20 15:39:21.708756+00	1	пыщ	1	[{"added": {}}]	7	1
12	2026-03-20 15:39:29.953231+00	1	Про выбор намордника для собаки	1	[{"added": {}}]	8	1
13	2026-03-20 15:41:53.110199+00	1	Про выбор намордника для собаки	2	[{"changed": {"fields": ["\\u0422\\u0435\\u043a\\u0441\\u0442"]}}]	8	1
14	2026-03-20 15:44:50.721618+00	1	Про выбор намордника для собаки	2	[{"changed": {"fields": ["\\u0422\\u0435\\u043a\\u0441\\u0442"]}}]	8	1
15	2026-03-20 15:45:41.031287+00	1	Про выбор намордника для собаки	2	[{"changed": {"fields": ["\\u0422\\u0435\\u043a\\u0441\\u0442"]}}]	8	1
16	2026-03-20 15:48:13.890693+00	1	Про выбор намордника для собаки	2	[{"changed": {"fields": ["\\u0422\\u0435\\u043a\\u0441\\u0442"]}}]	8	1
17	2026-03-20 15:48:35.912552+00	1	Про выбор намордника для собаки	2	[{"changed": {"fields": ["\\u0422\\u0435\\u043a\\u0441\\u0442"]}}]	8	1
18	2026-03-20 15:48:45.365556+00	1	Про выбор намордника для собаки	2	[{"changed": {"fields": ["\\u0422\\u0435\\u043a\\u0441\\u0442"]}}]	8	1
19	2026-03-20 15:51:06.588933+00	1	Про выбор намордника для собаки	2	[{"changed": {"fields": ["\\u0422\\u0435\\u043a\\u0441\\u0442"]}}]	8	1
20	2026-03-20 17:12:55.965228+00	1	Про выбор намордника для собаки	2	[{"changed": {"fields": ["\\u0422\\u0435\\u043a\\u0441\\u0442"]}}]	8	1
21	2026-03-20 17:13:11.864225+00	1	Про выбор намордника для собаки	2	[{"changed": {"fields": ["\\u0422\\u0435\\u043a\\u0441\\u0442"]}}]	8	1
22	2026-03-20 17:13:31.820782+00	1	cloth muzzle	1	[{"added": {}}]	26	1
23	2026-03-20 17:13:47.763872+00	1	Про выбор намордника для собаки	2	[{"changed": {"fields": ["\\u0422\\u0435\\u043a\\u0441\\u0442"]}}]	8	1
24	2026-03-20 17:14:03.551379+00	1	Про выбор намордника для собаки	2	[{"changed": {"fields": ["\\u0422\\u0435\\u043a\\u0441\\u0442"]}}]	8	1
25	2026-03-20 17:15:24.553309+00	1	Про выбор намордника для собаки	2	[{"changed": {"fields": ["\\u0422\\u0435\\u043a\\u0441\\u0442"]}}]	8	1
26	2026-03-20 17:15:36.530601+00	1	Про выбор намордника для собаки	2	[{"changed": {"fields": ["\\u0422\\u0435\\u043a\\u0441\\u0442"]}}]	8	1
27	2026-03-20 17:16:42.061833+00	1	Про выбор намордника для собаки	2	[{"changed": {"fields": ["\\u0422\\u0435\\u043a\\u0441\\u0442"]}}]	8	1
28	2026-03-20 17:16:57.859778+00	1	Про выбор намордника для собаки	2	[{"changed": {"fields": ["\\u0422\\u0435\\u043a\\u0441\\u0442"]}}]	8	1
29	2026-03-20 17:44:20.565326+00	2	overheat info	1	[{"added": {}}]	26	1
30	2026-03-20 17:48:45.084482+00	2	overheat info	2	[]	26	1
31	2026-03-20 17:49:37.7664+00	1	Про выбор намордника для собаки	2	[{"changed": {"fields": ["\\u0422\\u0435\\u043a\\u0441\\u0442"]}}]	8	1
32	2026-03-20 17:50:06.663238+00	1	Про выбор намордника для собаки	2	[{"changed": {"fields": ["\\u0422\\u0435\\u043a\\u0441\\u0442"]}}]	8	1
33	2026-03-20 18:06:52.76478+00	3	open mouths	1	[{"added": {}}]	26	1
\.


--
-- Data for Name: django_content_type; Type: TABLE DATA; Schema: public; Owner: django_user
--

COPY public.django_content_type (id, app_label, model) FROM stdin;
1	admin	logentry
2	auth	permission
3	auth	group
4	auth	user
5	contenttypes	contenttype
6	sessions	session
7	blog	category
8	blog	post
9	database	owner
10	database	doginfo
11	database	catinfo
12	database	cathealth
13	database	doghealth
14	database	dogdescription
15	database	dogphoto
16	database	catdescription
17	database	catphoto
18	dogs	doginfo
19	dogs	doghealth
20	dogs	dogdescription
21	dogs	dogphoto
22	cats	catinfo
23	cats	cathealth
24	cats	catdescription
25	cats	catphoto
26	blog	blogimage
27	taggit	tag
28	taggit	taggeditem
\.


--
-- Data for Name: django_migrations; Type: TABLE DATA; Schema: public; Owner: django_user
--

COPY public.django_migrations (id, app, name, applied) FROM stdin;
1	contenttypes	0001_initial	2026-03-17 18:37:36.766989+00
2	auth	0001_initial	2026-03-17 18:37:36.904765+00
3	admin	0001_initial	2026-03-17 18:37:36.939666+00
4	admin	0002_logentry_remove_auto_add	2026-03-17 18:37:36.950931+00
5	admin	0003_logentry_add_action_flag_choices	2026-03-17 18:37:37.016908+00
6	contenttypes	0002_remove_content_type_name	2026-03-17 18:37:37.044467+00
7	auth	0002_alter_permission_name_max_length	2026-03-17 18:37:37.061046+00
8	auth	0003_alter_user_email_max_length	2026-03-17 18:37:37.076985+00
9	auth	0004_alter_user_username_opts	2026-03-17 18:37:37.092131+00
10	auth	0005_alter_user_last_login_null	2026-03-17 18:37:37.105453+00
11	auth	0006_require_contenttypes_0002	2026-03-17 18:37:37.109918+00
12	auth	0007_alter_validators_add_error_messages	2026-03-17 18:37:37.122864+00
13	auth	0008_alter_user_username_max_length	2026-03-17 18:37:37.146398+00
14	auth	0009_alter_user_last_name_max_length	2026-03-17 18:37:37.157198+00
15	auth	0010_alter_group_name_max_length	2026-03-17 18:37:37.174042+00
16	auth	0011_update_proxy_permissions	2026-03-17 18:37:37.188085+00
17	auth	0012_alter_user_first_name_max_length	2026-03-17 18:37:37.203238+00
18	blog	0001_initial	2026-03-17 18:37:37.268083+00
19	blog	0002_remove_category_description	2026-03-17 18:37:37.275117+00
20	database	0001_initial	2026-03-17 18:37:37.429499+00
21	database	0002_auto_20250322_1037	2026-03-17 18:37:37.536166+00
22	database	0003_auto_20250322_1120	2026-03-17 18:37:37.634708+00
23	database	0004_auto_20250322_1841	2026-03-17 18:37:37.65918+00
24	database	0005_delete_dogkennelgroup	2026-03-17 18:37:37.665317+00
25	database	0006_auto_20250322_1930	2026-03-17 18:37:37.676956+00
26	database	0007_auto_20250322_1948	2026-03-17 18:37:37.708714+00
27	database	0008_auto_20250323_0037	2026-03-17 18:37:37.767641+00
28	database	0009_alter_cathealth_treatment_alter_doghealth_dog_and_more	2026-03-17 18:37:37.804029+00
29	database	0010_catinfo_height_doginfo_height_animalphoto	2026-03-17 18:37:37.840483+00
30	database	0011_remove_catinfo_description_remove_catinfo_height_and_more	2026-03-17 18:37:37.8986+00
31	database	0012_rename_animalphoto_dogphoto_catdescription_catphoto	2026-03-17 18:37:37.974028+00
32	database	0013_rename_dog_catdescription_cat_alter_cathealth_cat	2026-03-17 18:37:37.996039+00
33	database	0014_alter_cathealth_cat	2026-03-17 18:37:38.031698+00
34	database	0015_alter_catdescription_cat_alter_dogdescription_dog_and_more	2026-03-17 18:37:38.112066+00
35	sessions	0001_initial	2026-03-17 18:37:38.132876+00
36	blog	0003_blogimage	2026-03-20 12:17:45.979035+00
37	taggit	0001_initial	2026-03-20 12:17:46.037278+00
38	taggit	0002_auto_20150616_2121	2026-03-20 12:17:46.047409+00
39	taggit	0003_taggeditem_add_unique_index	2026-03-20 12:17:46.05569+00
40	taggit	0004_alter_taggeditem_content_type_alter_taggeditem_tag	2026-03-20 12:17:46.076316+00
41	taggit	0005_auto_20220424_2025	2026-03-20 12:17:46.081251+00
42	taggit	0006_rename_taggeditem_content_type_object_id_taggit_tagg_content_8fc721_idx	2026-03-20 12:17:46.096483+00
43	cats	0001_initial	2026-03-20 12:25:41.631136+00
44	dogs	0001_initial	2026-03-20 12:25:41.771013+00
45	blog	0004_blogimage_full_url	2026-03-20 17:26:16.6789+00
46	cats	0002_catinfo_tags	2026-03-20 17:26:16.707452+00
47	dogs	0002_doginfo_tags	2026-03-20 17:26:16.759388+00
\.


--
-- Data for Name: django_session; Type: TABLE DATA; Schema: public; Owner: django_user
--

COPY public.django_session (session_key, session_data, expire_date) FROM stdin;
sfltaahpmagrvpkb6ldjxsawrfjqrq8x	.eJxVjEEOwiAQRe_C2hBaYASX7nsGMjCDVA0kpV0Z765NutDtf-_9lwi4rSVsnZcwk7iIQZx-t4jpwXUHdMd6azK1ui5zlLsiD9rl1Iif18P9OyjYy7fOzNlqBMB4zkY5w5k8-ZEdWYTs2CSwACORUsoP3lmTlQfP0WmrSIv3BwRgN_c:1w3YpS:W1l2dl3DrxnC89hHOI1EZ24cH9BqDc4TOg5tMSV0V-g	2026-04-03 12:19:50.550982+00
\.


--
-- Data for Name: dogs_dogdescription; Type: TABLE DATA; Schema: public; Owner: django_user
--

COPY public.dogs_dogdescription (id, bio, "character", best_owner, dog_id) FROM stdin;
1				1
2				2
\.


--
-- Data for Name: dogs_doghealth; Type: TABLE DATA; Schema: public; Owner: django_user
--

COPY public.dogs_doghealth (id, chronic_diseases, treatment, notes, dog_id) FROM stdin;
\.


--
-- Data for Name: dogs_doginfo; Type: TABLE DATA; Schema: public; Owner: django_user
--

COPY public.dogs_doginfo (id, name, color, gender, is_neutered, birth_date, intake_date, is_at_shelter, outtake_date, outtake_reasons, intake_place, notes, kennel, height, owner_id) FROM stdin;
1	Степа	рыжий	M	f	2011-01-01	2013-01-01	t	\N				GUARD	High	\N
2	Варежка	черный	F	t	2011-01-01	2013-01-01	t	\N				FOSTER	Mid	\N
\.


--
-- Data for Name: dogs_dogphoto; Type: TABLE DATA; Schema: public; Owner: django_user
--

COPY public.dogs_dogphoto (id, image, is_main, uploaded_at, animal_id) FROM stdin;
\.


--
-- Data for Name: taggit_tag; Type: TABLE DATA; Schema: public; Owner: django_user
--

COPY public.taggit_tag (id, name, slug) FROM stdin;
1	псина	psina
2	рыжий	red
3	котик	kitty
4	пушистый	fluffy
5	лысый	bald
\.


--
-- Data for Name: taggit_taggeditem; Type: TABLE DATA; Schema: public; Owner: django_user
--

COPY public.taggit_taggeditem (id, object_id, content_type_id, tag_id) FROM stdin;
3	1	18	1
\.


--
-- Name: auth_group_id_seq; Type: SEQUENCE SET; Schema: public; Owner: django_user
--

SELECT pg_catalog.setval('public.auth_group_id_seq', 1, false);


--
-- Name: auth_group_permissions_id_seq; Type: SEQUENCE SET; Schema: public; Owner: django_user
--

SELECT pg_catalog.setval('public.auth_group_permissions_id_seq', 1, false);


--
-- Name: auth_permission_id_seq; Type: SEQUENCE SET; Schema: public; Owner: django_user
--

SELECT pg_catalog.setval('public.auth_permission_id_seq', 112, true);


--
-- Name: auth_user_groups_id_seq; Type: SEQUENCE SET; Schema: public; Owner: django_user
--

SELECT pg_catalog.setval('public.auth_user_groups_id_seq', 1, false);


--
-- Name: auth_user_id_seq; Type: SEQUENCE SET; Schema: public; Owner: django_user
--

SELECT pg_catalog.setval('public.auth_user_id_seq', 1, true);


--
-- Name: auth_user_user_permissions_id_seq; Type: SEQUENCE SET; Schema: public; Owner: django_user
--

SELECT pg_catalog.setval('public.auth_user_user_permissions_id_seq', 1, false);


--
-- Name: blog_blogimage_id_seq; Type: SEQUENCE SET; Schema: public; Owner: django_user
--

SELECT pg_catalog.setval('public.blog_blogimage_id_seq', 3, true);


--
-- Name: blog_category_id_seq; Type: SEQUENCE SET; Schema: public; Owner: django_user
--

SELECT pg_catalog.setval('public.blog_category_id_seq', 1, true);


--
-- Name: blog_post_id_seq; Type: SEQUENCE SET; Schema: public; Owner: django_user
--

SELECT pg_catalog.setval('public.blog_post_id_seq', 1, true);


--
-- Name: cats_catdescription_id_seq; Type: SEQUENCE SET; Schema: public; Owner: django_user
--

SELECT pg_catalog.setval('public.cats_catdescription_id_seq', 1, false);


--
-- Name: cats_cathealth_id_seq; Type: SEQUENCE SET; Schema: public; Owner: django_user
--

SELECT pg_catalog.setval('public.cats_cathealth_id_seq', 1, false);


--
-- Name: cats_catinfo_id_seq; Type: SEQUENCE SET; Schema: public; Owner: django_user
--

SELECT pg_catalog.setval('public.cats_catinfo_id_seq', 1, false);


--
-- Name: cats_catphoto_id_seq; Type: SEQUENCE SET; Schema: public; Owner: django_user
--

SELECT pg_catalog.setval('public.cats_catphoto_id_seq', 1, false);


--
-- Name: database_animalphoto_id_seq; Type: SEQUENCE SET; Schema: public; Owner: django_user
--

SELECT pg_catalog.setval('public.database_animalphoto_id_seq', 1, false);


--
-- Name: database_catdescription_id_seq; Type: SEQUENCE SET; Schema: public; Owner: django_user
--

SELECT pg_catalog.setval('public.database_catdescription_id_seq', 1, false);


--
-- Name: database_cathealth_id_seq; Type: SEQUENCE SET; Schema: public; Owner: django_user
--

SELECT pg_catalog.setval('public.database_cathealth_id_seq', 1, false);


--
-- Name: database_catinfo_id_seq; Type: SEQUENCE SET; Schema: public; Owner: django_user
--

SELECT pg_catalog.setval('public.database_catinfo_id_seq', 1, false);


--
-- Name: database_catphoto_id_seq; Type: SEQUENCE SET; Schema: public; Owner: django_user
--

SELECT pg_catalog.setval('public.database_catphoto_id_seq', 1, false);


--
-- Name: database_dogdescription_id_seq; Type: SEQUENCE SET; Schema: public; Owner: django_user
--

SELECT pg_catalog.setval('public.database_dogdescription_id_seq', 1, false);


--
-- Name: database_doghealth_id_seq; Type: SEQUENCE SET; Schema: public; Owner: django_user
--

SELECT pg_catalog.setval('public.database_doghealth_id_seq', 1, false);


--
-- Name: database_doginfo_id_seq; Type: SEQUENCE SET; Schema: public; Owner: django_user
--

SELECT pg_catalog.setval('public.database_doginfo_id_seq', 1, false);


--
-- Name: database_owner_id_seq; Type: SEQUENCE SET; Schema: public; Owner: django_user
--

SELECT pg_catalog.setval('public.database_owner_id_seq', 1, false);


--
-- Name: django_admin_log_id_seq; Type: SEQUENCE SET; Schema: public; Owner: django_user
--

SELECT pg_catalog.setval('public.django_admin_log_id_seq', 33, true);


--
-- Name: django_content_type_id_seq; Type: SEQUENCE SET; Schema: public; Owner: django_user
--

SELECT pg_catalog.setval('public.django_content_type_id_seq', 28, true);


--
-- Name: django_migrations_id_seq; Type: SEQUENCE SET; Schema: public; Owner: django_user
--

SELECT pg_catalog.setval('public.django_migrations_id_seq', 47, true);


--
-- Name: dogs_dogdescription_id_seq; Type: SEQUENCE SET; Schema: public; Owner: django_user
--

SELECT pg_catalog.setval('public.dogs_dogdescription_id_seq', 2, true);


--
-- Name: dogs_doghealth_id_seq; Type: SEQUENCE SET; Schema: public; Owner: django_user
--

SELECT pg_catalog.setval('public.dogs_doghealth_id_seq', 1, false);


--
-- Name: dogs_doginfo_id_seq; Type: SEQUENCE SET; Schema: public; Owner: django_user
--

SELECT pg_catalog.setval('public.dogs_doginfo_id_seq', 2, true);


--
-- Name: dogs_dogphoto_id_seq; Type: SEQUENCE SET; Schema: public; Owner: django_user
--

SELECT pg_catalog.setval('public.dogs_dogphoto_id_seq', 1, false);


--
-- Name: taggit_tag_id_seq; Type: SEQUENCE SET; Schema: public; Owner: django_user
--

SELECT pg_catalog.setval('public.taggit_tag_id_seq', 5, true);


--
-- Name: taggit_taggeditem_id_seq; Type: SEQUENCE SET; Schema: public; Owner: django_user
--

SELECT pg_catalog.setval('public.taggit_taggeditem_id_seq', 3, true);


--
-- Name: auth_group auth_group_name_key; Type: CONSTRAINT; Schema: public; Owner: django_user
--

ALTER TABLE ONLY public.auth_group
    ADD CONSTRAINT auth_group_name_key UNIQUE (name);


--
-- Name: auth_group_permissions auth_group_permissions_group_id_permission_id_0cd325b0_uniq; Type: CONSTRAINT; Schema: public; Owner: django_user
--

ALTER TABLE ONLY public.auth_group_permissions
    ADD CONSTRAINT auth_group_permissions_group_id_permission_id_0cd325b0_uniq UNIQUE (group_id, permission_id);


--
-- Name: auth_group_permissions auth_group_permissions_pkey; Type: CONSTRAINT; Schema: public; Owner: django_user
--

ALTER TABLE ONLY public.auth_group_permissions
    ADD CONSTRAINT auth_group_permissions_pkey PRIMARY KEY (id);


--
-- Name: auth_group auth_group_pkey; Type: CONSTRAINT; Schema: public; Owner: django_user
--

ALTER TABLE ONLY public.auth_group
    ADD CONSTRAINT auth_group_pkey PRIMARY KEY (id);


--
-- Name: auth_permission auth_permission_content_type_id_codename_01ab375a_uniq; Type: CONSTRAINT; Schema: public; Owner: django_user
--

ALTER TABLE ONLY public.auth_permission
    ADD CONSTRAINT auth_permission_content_type_id_codename_01ab375a_uniq UNIQUE (content_type_id, codename);


--
-- Name: auth_permission auth_permission_pkey; Type: CONSTRAINT; Schema: public; Owner: django_user
--

ALTER TABLE ONLY public.auth_permission
    ADD CONSTRAINT auth_permission_pkey PRIMARY KEY (id);


--
-- Name: auth_user_groups auth_user_groups_pkey; Type: CONSTRAINT; Schema: public; Owner: django_user
--

ALTER TABLE ONLY public.auth_user_groups
    ADD CONSTRAINT auth_user_groups_pkey PRIMARY KEY (id);


--
-- Name: auth_user_groups auth_user_groups_user_id_group_id_94350c0c_uniq; Type: CONSTRAINT; Schema: public; Owner: django_user
--

ALTER TABLE ONLY public.auth_user_groups
    ADD CONSTRAINT auth_user_groups_user_id_group_id_94350c0c_uniq UNIQUE (user_id, group_id);


--
-- Name: auth_user auth_user_pkey; Type: CONSTRAINT; Schema: public; Owner: django_user
--

ALTER TABLE ONLY public.auth_user
    ADD CONSTRAINT auth_user_pkey PRIMARY KEY (id);


--
-- Name: auth_user_user_permissions auth_user_user_permissions_pkey; Type: CONSTRAINT; Schema: public; Owner: django_user
--

ALTER TABLE ONLY public.auth_user_user_permissions
    ADD CONSTRAINT auth_user_user_permissions_pkey PRIMARY KEY (id);


--
-- Name: auth_user_user_permissions auth_user_user_permissions_user_id_permission_id_14a6b632_uniq; Type: CONSTRAINT; Schema: public; Owner: django_user
--

ALTER TABLE ONLY public.auth_user_user_permissions
    ADD CONSTRAINT auth_user_user_permissions_user_id_permission_id_14a6b632_uniq UNIQUE (user_id, permission_id);


--
-- Name: auth_user auth_user_username_key; Type: CONSTRAINT; Schema: public; Owner: django_user
--

ALTER TABLE ONLY public.auth_user
    ADD CONSTRAINT auth_user_username_key UNIQUE (username);


--
-- Name: blog_blogimage blog_blogimage_pkey; Type: CONSTRAINT; Schema: public; Owner: django_user
--

ALTER TABLE ONLY public.blog_blogimage
    ADD CONSTRAINT blog_blogimage_pkey PRIMARY KEY (id);


--
-- Name: blog_category blog_category_pkey; Type: CONSTRAINT; Schema: public; Owner: django_user
--

ALTER TABLE ONLY public.blog_category
    ADD CONSTRAINT blog_category_pkey PRIMARY KEY (id);


--
-- Name: blog_category blog_category_slug_key; Type: CONSTRAINT; Schema: public; Owner: django_user
--

ALTER TABLE ONLY public.blog_category
    ADD CONSTRAINT blog_category_slug_key UNIQUE (slug);


--
-- Name: blog_post blog_post_pkey; Type: CONSTRAINT; Schema: public; Owner: django_user
--

ALTER TABLE ONLY public.blog_post
    ADD CONSTRAINT blog_post_pkey PRIMARY KEY (id);


--
-- Name: cats_catdescription cats_catdescription_cat_id_key; Type: CONSTRAINT; Schema: public; Owner: django_user
--

ALTER TABLE ONLY public.cats_catdescription
    ADD CONSTRAINT cats_catdescription_cat_id_key UNIQUE (cat_id);


--
-- Name: cats_catdescription cats_catdescription_pkey; Type: CONSTRAINT; Schema: public; Owner: django_user
--

ALTER TABLE ONLY public.cats_catdescription
    ADD CONSTRAINT cats_catdescription_pkey PRIMARY KEY (id);


--
-- Name: cats_cathealth cats_cathealth_cat_id_key; Type: CONSTRAINT; Schema: public; Owner: django_user
--

ALTER TABLE ONLY public.cats_cathealth
    ADD CONSTRAINT cats_cathealth_cat_id_key UNIQUE (cat_id);


--
-- Name: cats_cathealth cats_cathealth_pkey; Type: CONSTRAINT; Schema: public; Owner: django_user
--

ALTER TABLE ONLY public.cats_cathealth
    ADD CONSTRAINT cats_cathealth_pkey PRIMARY KEY (id);


--
-- Name: cats_catinfo cats_catinfo_pkey; Type: CONSTRAINT; Schema: public; Owner: django_user
--

ALTER TABLE ONLY public.cats_catinfo
    ADD CONSTRAINT cats_catinfo_pkey PRIMARY KEY (id);


--
-- Name: cats_catphoto cats_catphoto_pkey; Type: CONSTRAINT; Schema: public; Owner: django_user
--

ALTER TABLE ONLY public.cats_catphoto
    ADD CONSTRAINT cats_catphoto_pkey PRIMARY KEY (id);


--
-- Name: database_dogphoto database_animalphoto_pkey; Type: CONSTRAINT; Schema: public; Owner: django_user
--

ALTER TABLE ONLY public.database_dogphoto
    ADD CONSTRAINT database_animalphoto_pkey PRIMARY KEY (id);


--
-- Name: database_catdescription database_catdescription_cat_id_706e7342_uniq; Type: CONSTRAINT; Schema: public; Owner: django_user
--

ALTER TABLE ONLY public.database_catdescription
    ADD CONSTRAINT database_catdescription_cat_id_706e7342_uniq UNIQUE (cat_id);


--
-- Name: database_catdescription database_catdescription_pkey; Type: CONSTRAINT; Schema: public; Owner: django_user
--

ALTER TABLE ONLY public.database_catdescription
    ADD CONSTRAINT database_catdescription_pkey PRIMARY KEY (id);


--
-- Name: database_cathealth database_cathealth_cat_id_f1145c5b_uniq; Type: CONSTRAINT; Schema: public; Owner: django_user
--

ALTER TABLE ONLY public.database_cathealth
    ADD CONSTRAINT database_cathealth_cat_id_f1145c5b_uniq UNIQUE (cat_id);


--
-- Name: database_cathealth database_cathealth_pkey; Type: CONSTRAINT; Schema: public; Owner: django_user
--

ALTER TABLE ONLY public.database_cathealth
    ADD CONSTRAINT database_cathealth_pkey PRIMARY KEY (id);


--
-- Name: database_catinfo database_catinfo_pkey; Type: CONSTRAINT; Schema: public; Owner: django_user
--

ALTER TABLE ONLY public.database_catinfo
    ADD CONSTRAINT database_catinfo_pkey PRIMARY KEY (id);


--
-- Name: database_catphoto database_catphoto_pkey; Type: CONSTRAINT; Schema: public; Owner: django_user
--

ALTER TABLE ONLY public.database_catphoto
    ADD CONSTRAINT database_catphoto_pkey PRIMARY KEY (id);


--
-- Name: database_dogdescription database_dogdescription_dog_id_3dc49892_uniq; Type: CONSTRAINT; Schema: public; Owner: django_user
--

ALTER TABLE ONLY public.database_dogdescription
    ADD CONSTRAINT database_dogdescription_dog_id_3dc49892_uniq UNIQUE (dog_id);


--
-- Name: database_dogdescription database_dogdescription_pkey; Type: CONSTRAINT; Schema: public; Owner: django_user
--

ALTER TABLE ONLY public.database_dogdescription
    ADD CONSTRAINT database_dogdescription_pkey PRIMARY KEY (id);


--
-- Name: database_doghealth database_doghealth_dog_id_72747fcb_uniq; Type: CONSTRAINT; Schema: public; Owner: django_user
--

ALTER TABLE ONLY public.database_doghealth
    ADD CONSTRAINT database_doghealth_dog_id_72747fcb_uniq UNIQUE (dog_id);


--
-- Name: database_doghealth database_doghealth_pkey; Type: CONSTRAINT; Schema: public; Owner: django_user
--

ALTER TABLE ONLY public.database_doghealth
    ADD CONSTRAINT database_doghealth_pkey PRIMARY KEY (id);


--
-- Name: database_doginfo database_doginfo_pkey; Type: CONSTRAINT; Schema: public; Owner: django_user
--

ALTER TABLE ONLY public.database_doginfo
    ADD CONSTRAINT database_doginfo_pkey PRIMARY KEY (id);


--
-- Name: database_owner database_owner_pkey; Type: CONSTRAINT; Schema: public; Owner: django_user
--

ALTER TABLE ONLY public.database_owner
    ADD CONSTRAINT database_owner_pkey PRIMARY KEY (id);


--
-- Name: django_admin_log django_admin_log_pkey; Type: CONSTRAINT; Schema: public; Owner: django_user
--

ALTER TABLE ONLY public.django_admin_log
    ADD CONSTRAINT django_admin_log_pkey PRIMARY KEY (id);


--
-- Name: django_content_type django_content_type_app_label_model_76bd3d3b_uniq; Type: CONSTRAINT; Schema: public; Owner: django_user
--

ALTER TABLE ONLY public.django_content_type
    ADD CONSTRAINT django_content_type_app_label_model_76bd3d3b_uniq UNIQUE (app_label, model);


--
-- Name: django_content_type django_content_type_pkey; Type: CONSTRAINT; Schema: public; Owner: django_user
--

ALTER TABLE ONLY public.django_content_type
    ADD CONSTRAINT django_content_type_pkey PRIMARY KEY (id);


--
-- Name: django_migrations django_migrations_pkey; Type: CONSTRAINT; Schema: public; Owner: django_user
--

ALTER TABLE ONLY public.django_migrations
    ADD CONSTRAINT django_migrations_pkey PRIMARY KEY (id);


--
-- Name: django_session django_session_pkey; Type: CONSTRAINT; Schema: public; Owner: django_user
--

ALTER TABLE ONLY public.django_session
    ADD CONSTRAINT django_session_pkey PRIMARY KEY (session_key);


--
-- Name: dogs_dogdescription dogs_dogdescription_dog_id_key; Type: CONSTRAINT; Schema: public; Owner: django_user
--

ALTER TABLE ONLY public.dogs_dogdescription
    ADD CONSTRAINT dogs_dogdescription_dog_id_key UNIQUE (dog_id);


--
-- Name: dogs_dogdescription dogs_dogdescription_pkey; Type: CONSTRAINT; Schema: public; Owner: django_user
--

ALTER TABLE ONLY public.dogs_dogdescription
    ADD CONSTRAINT dogs_dogdescription_pkey PRIMARY KEY (id);


--
-- Name: dogs_doghealth dogs_doghealth_dog_id_key; Type: CONSTRAINT; Schema: public; Owner: django_user
--

ALTER TABLE ONLY public.dogs_doghealth
    ADD CONSTRAINT dogs_doghealth_dog_id_key UNIQUE (dog_id);


--
-- Name: dogs_doghealth dogs_doghealth_pkey; Type: CONSTRAINT; Schema: public; Owner: django_user
--

ALTER TABLE ONLY public.dogs_doghealth
    ADD CONSTRAINT dogs_doghealth_pkey PRIMARY KEY (id);


--
-- Name: dogs_doginfo dogs_doginfo_pkey; Type: CONSTRAINT; Schema: public; Owner: django_user
--

ALTER TABLE ONLY public.dogs_doginfo
    ADD CONSTRAINT dogs_doginfo_pkey PRIMARY KEY (id);


--
-- Name: dogs_dogphoto dogs_dogphoto_pkey; Type: CONSTRAINT; Schema: public; Owner: django_user
--

ALTER TABLE ONLY public.dogs_dogphoto
    ADD CONSTRAINT dogs_dogphoto_pkey PRIMARY KEY (id);


--
-- Name: taggit_tag taggit_tag_name_key; Type: CONSTRAINT; Schema: public; Owner: django_user
--

ALTER TABLE ONLY public.taggit_tag
    ADD CONSTRAINT taggit_tag_name_key UNIQUE (name);


--
-- Name: taggit_tag taggit_tag_pkey; Type: CONSTRAINT; Schema: public; Owner: django_user
--

ALTER TABLE ONLY public.taggit_tag
    ADD CONSTRAINT taggit_tag_pkey PRIMARY KEY (id);


--
-- Name: taggit_tag taggit_tag_slug_key; Type: CONSTRAINT; Schema: public; Owner: django_user
--

ALTER TABLE ONLY public.taggit_tag
    ADD CONSTRAINT taggit_tag_slug_key UNIQUE (slug);


--
-- Name: taggit_taggeditem taggit_taggeditem_content_type_id_object_id_tag_id_4bb97a8e_uni; Type: CONSTRAINT; Schema: public; Owner: django_user
--

ALTER TABLE ONLY public.taggit_taggeditem
    ADD CONSTRAINT taggit_taggeditem_content_type_id_object_id_tag_id_4bb97a8e_uni UNIQUE (content_type_id, object_id, tag_id);


--
-- Name: taggit_taggeditem taggit_taggeditem_pkey; Type: CONSTRAINT; Schema: public; Owner: django_user
--

ALTER TABLE ONLY public.taggit_taggeditem
    ADD CONSTRAINT taggit_taggeditem_pkey PRIMARY KEY (id);


--
-- Name: auth_group_name_a6ea08ec_like; Type: INDEX; Schema: public; Owner: django_user
--

CREATE INDEX auth_group_name_a6ea08ec_like ON public.auth_group USING btree (name varchar_pattern_ops);


--
-- Name: auth_group_permissions_group_id_b120cbf9; Type: INDEX; Schema: public; Owner: django_user
--

CREATE INDEX auth_group_permissions_group_id_b120cbf9 ON public.auth_group_permissions USING btree (group_id);


--
-- Name: auth_group_permissions_permission_id_84c5c92e; Type: INDEX; Schema: public; Owner: django_user
--

CREATE INDEX auth_group_permissions_permission_id_84c5c92e ON public.auth_group_permissions USING btree (permission_id);


--
-- Name: auth_permission_content_type_id_2f476e4b; Type: INDEX; Schema: public; Owner: django_user
--

CREATE INDEX auth_permission_content_type_id_2f476e4b ON public.auth_permission USING btree (content_type_id);


--
-- Name: auth_user_groups_group_id_97559544; Type: INDEX; Schema: public; Owner: django_user
--

CREATE INDEX auth_user_groups_group_id_97559544 ON public.auth_user_groups USING btree (group_id);


--
-- Name: auth_user_groups_user_id_6a12ed8b; Type: INDEX; Schema: public; Owner: django_user
--

CREATE INDEX auth_user_groups_user_id_6a12ed8b ON public.auth_user_groups USING btree (user_id);


--
-- Name: auth_user_user_permissions_permission_id_1fbb5f2c; Type: INDEX; Schema: public; Owner: django_user
--

CREATE INDEX auth_user_user_permissions_permission_id_1fbb5f2c ON public.auth_user_user_permissions USING btree (permission_id);


--
-- Name: auth_user_user_permissions_user_id_a95ead1b; Type: INDEX; Schema: public; Owner: django_user
--

CREATE INDEX auth_user_user_permissions_user_id_a95ead1b ON public.auth_user_user_permissions USING btree (user_id);


--
-- Name: auth_user_username_6821ab7c_like; Type: INDEX; Schema: public; Owner: django_user
--

CREATE INDEX auth_user_username_6821ab7c_like ON public.auth_user USING btree (username varchar_pattern_ops);


--
-- Name: blog_category_slug_92643dc5_like; Type: INDEX; Schema: public; Owner: django_user
--

CREATE INDEX blog_category_slug_92643dc5_like ON public.blog_category USING btree (slug varchar_pattern_ops);


--
-- Name: blog_post_author_id_dd7a8485; Type: INDEX; Schema: public; Owner: django_user
--

CREATE INDEX blog_post_author_id_dd7a8485 ON public.blog_post USING btree (author_id);


--
-- Name: blog_post_category_id_c326dbf8; Type: INDEX; Schema: public; Owner: django_user
--

CREATE INDEX blog_post_category_id_c326dbf8 ON public.blog_post USING btree (category_id);


--
-- Name: cats_catinfo_owner_id_a7190a08; Type: INDEX; Schema: public; Owner: django_user
--

CREATE INDEX cats_catinfo_owner_id_a7190a08 ON public.cats_catinfo USING btree (owner_id);


--
-- Name: cats_catphoto_animal_id_62ee6e18; Type: INDEX; Schema: public; Owner: django_user
--

CREATE INDEX cats_catphoto_animal_id_62ee6e18 ON public.cats_catphoto USING btree (animal_id);


--
-- Name: database_animalphoto_animal_id_e5b12b72; Type: INDEX; Schema: public; Owner: django_user
--

CREATE INDEX database_animalphoto_animal_id_e5b12b72 ON public.database_dogphoto USING btree (animal_id);


--
-- Name: database_catinfo_owner_id_15e7bf04; Type: INDEX; Schema: public; Owner: django_user
--

CREATE INDEX database_catinfo_owner_id_15e7bf04 ON public.database_catinfo USING btree (owner_id);


--
-- Name: database_catphoto_animal_id_42d43573; Type: INDEX; Schema: public; Owner: django_user
--

CREATE INDEX database_catphoto_animal_id_42d43573 ON public.database_catphoto USING btree (animal_id);


--
-- Name: database_doginfo_owner_id_f4fefb9c; Type: INDEX; Schema: public; Owner: django_user
--

CREATE INDEX database_doginfo_owner_id_f4fefb9c ON public.database_doginfo USING btree (owner_id);


--
-- Name: django_admin_log_content_type_id_c4bce8eb; Type: INDEX; Schema: public; Owner: django_user
--

CREATE INDEX django_admin_log_content_type_id_c4bce8eb ON public.django_admin_log USING btree (content_type_id);


--
-- Name: django_admin_log_user_id_c564eba6; Type: INDEX; Schema: public; Owner: django_user
--

CREATE INDEX django_admin_log_user_id_c564eba6 ON public.django_admin_log USING btree (user_id);


--
-- Name: django_session_expire_date_a5c62663; Type: INDEX; Schema: public; Owner: django_user
--

CREATE INDEX django_session_expire_date_a5c62663 ON public.django_session USING btree (expire_date);


--
-- Name: django_session_session_key_c0390e0f_like; Type: INDEX; Schema: public; Owner: django_user
--

CREATE INDEX django_session_session_key_c0390e0f_like ON public.django_session USING btree (session_key varchar_pattern_ops);


--
-- Name: dogs_doginfo_owner_id_770a3e26; Type: INDEX; Schema: public; Owner: django_user
--

CREATE INDEX dogs_doginfo_owner_id_770a3e26 ON public.dogs_doginfo USING btree (owner_id);


--
-- Name: dogs_dogphoto_animal_id_c6676420; Type: INDEX; Schema: public; Owner: django_user
--

CREATE INDEX dogs_dogphoto_animal_id_c6676420 ON public.dogs_dogphoto USING btree (animal_id);


--
-- Name: taggit_tag_name_58eb2ed9_like; Type: INDEX; Schema: public; Owner: django_user
--

CREATE INDEX taggit_tag_name_58eb2ed9_like ON public.taggit_tag USING btree (name varchar_pattern_ops);


--
-- Name: taggit_tag_slug_6be58b2c_like; Type: INDEX; Schema: public; Owner: django_user
--

CREATE INDEX taggit_tag_slug_6be58b2c_like ON public.taggit_tag USING btree (slug varchar_pattern_ops);


--
-- Name: taggit_tagg_content_8fc721_idx; Type: INDEX; Schema: public; Owner: django_user
--

CREATE INDEX taggit_tagg_content_8fc721_idx ON public.taggit_taggeditem USING btree (content_type_id, object_id);


--
-- Name: taggit_taggeditem_content_type_id_9957a03c; Type: INDEX; Schema: public; Owner: django_user
--

CREATE INDEX taggit_taggeditem_content_type_id_9957a03c ON public.taggit_taggeditem USING btree (content_type_id);


--
-- Name: taggit_taggeditem_object_id_e2d7d1df; Type: INDEX; Schema: public; Owner: django_user
--

CREATE INDEX taggit_taggeditem_object_id_e2d7d1df ON public.taggit_taggeditem USING btree (object_id);


--
-- Name: taggit_taggeditem_tag_id_f4f5b767; Type: INDEX; Schema: public; Owner: django_user
--

CREATE INDEX taggit_taggeditem_tag_id_f4f5b767 ON public.taggit_taggeditem USING btree (tag_id);


--
-- Name: auth_group_permissions auth_group_permissio_permission_id_84c5c92e_fk_auth_perm; Type: FK CONSTRAINT; Schema: public; Owner: django_user
--

ALTER TABLE ONLY public.auth_group_permissions
    ADD CONSTRAINT auth_group_permissio_permission_id_84c5c92e_fk_auth_perm FOREIGN KEY (permission_id) REFERENCES public.auth_permission(id) DEFERRABLE INITIALLY DEFERRED;


--
-- Name: auth_group_permissions auth_group_permissions_group_id_b120cbf9_fk_auth_group_id; Type: FK CONSTRAINT; Schema: public; Owner: django_user
--

ALTER TABLE ONLY public.auth_group_permissions
    ADD CONSTRAINT auth_group_permissions_group_id_b120cbf9_fk_auth_group_id FOREIGN KEY (group_id) REFERENCES public.auth_group(id) DEFERRABLE INITIALLY DEFERRED;


--
-- Name: auth_permission auth_permission_content_type_id_2f476e4b_fk_django_co; Type: FK CONSTRAINT; Schema: public; Owner: django_user
--

ALTER TABLE ONLY public.auth_permission
    ADD CONSTRAINT auth_permission_content_type_id_2f476e4b_fk_django_co FOREIGN KEY (content_type_id) REFERENCES public.django_content_type(id) DEFERRABLE INITIALLY DEFERRED;


--
-- Name: auth_user_groups auth_user_groups_group_id_97559544_fk_auth_group_id; Type: FK CONSTRAINT; Schema: public; Owner: django_user
--

ALTER TABLE ONLY public.auth_user_groups
    ADD CONSTRAINT auth_user_groups_group_id_97559544_fk_auth_group_id FOREIGN KEY (group_id) REFERENCES public.auth_group(id) DEFERRABLE INITIALLY DEFERRED;


--
-- Name: auth_user_groups auth_user_groups_user_id_6a12ed8b_fk_auth_user_id; Type: FK CONSTRAINT; Schema: public; Owner: django_user
--

ALTER TABLE ONLY public.auth_user_groups
    ADD CONSTRAINT auth_user_groups_user_id_6a12ed8b_fk_auth_user_id FOREIGN KEY (user_id) REFERENCES public.auth_user(id) DEFERRABLE INITIALLY DEFERRED;


--
-- Name: auth_user_user_permissions auth_user_user_permi_permission_id_1fbb5f2c_fk_auth_perm; Type: FK CONSTRAINT; Schema: public; Owner: django_user
--

ALTER TABLE ONLY public.auth_user_user_permissions
    ADD CONSTRAINT auth_user_user_permi_permission_id_1fbb5f2c_fk_auth_perm FOREIGN KEY (permission_id) REFERENCES public.auth_permission(id) DEFERRABLE INITIALLY DEFERRED;


--
-- Name: auth_user_user_permissions auth_user_user_permissions_user_id_a95ead1b_fk_auth_user_id; Type: FK CONSTRAINT; Schema: public; Owner: django_user
--

ALTER TABLE ONLY public.auth_user_user_permissions
    ADD CONSTRAINT auth_user_user_permissions_user_id_a95ead1b_fk_auth_user_id FOREIGN KEY (user_id) REFERENCES public.auth_user(id) DEFERRABLE INITIALLY DEFERRED;


--
-- Name: blog_post blog_post_author_id_dd7a8485_fk_auth_user_id; Type: FK CONSTRAINT; Schema: public; Owner: django_user
--

ALTER TABLE ONLY public.blog_post
    ADD CONSTRAINT blog_post_author_id_dd7a8485_fk_auth_user_id FOREIGN KEY (author_id) REFERENCES public.auth_user(id) DEFERRABLE INITIALLY DEFERRED;


--
-- Name: blog_post blog_post_category_id_c326dbf8_fk_blog_category_id; Type: FK CONSTRAINT; Schema: public; Owner: django_user
--

ALTER TABLE ONLY public.blog_post
    ADD CONSTRAINT blog_post_category_id_c326dbf8_fk_blog_category_id FOREIGN KEY (category_id) REFERENCES public.blog_category(id) DEFERRABLE INITIALLY DEFERRED;


--
-- Name: cats_catdescription cats_catdescription_cat_id_a5745525_fk_cats_catinfo_id; Type: FK CONSTRAINT; Schema: public; Owner: django_user
--

ALTER TABLE ONLY public.cats_catdescription
    ADD CONSTRAINT cats_catdescription_cat_id_a5745525_fk_cats_catinfo_id FOREIGN KEY (cat_id) REFERENCES public.cats_catinfo(id) DEFERRABLE INITIALLY DEFERRED;


--
-- Name: cats_cathealth cats_cathealth_cat_id_f8269057_fk_cats_catinfo_id; Type: FK CONSTRAINT; Schema: public; Owner: django_user
--

ALTER TABLE ONLY public.cats_cathealth
    ADD CONSTRAINT cats_cathealth_cat_id_f8269057_fk_cats_catinfo_id FOREIGN KEY (cat_id) REFERENCES public.cats_catinfo(id) DEFERRABLE INITIALLY DEFERRED;


--
-- Name: cats_catinfo cats_catinfo_owner_id_a7190a08_fk_database_owner_id; Type: FK CONSTRAINT; Schema: public; Owner: django_user
--

ALTER TABLE ONLY public.cats_catinfo
    ADD CONSTRAINT cats_catinfo_owner_id_a7190a08_fk_database_owner_id FOREIGN KEY (owner_id) REFERENCES public.database_owner(id) DEFERRABLE INITIALLY DEFERRED;


--
-- Name: cats_catphoto cats_catphoto_animal_id_62ee6e18_fk_cats_catinfo_id; Type: FK CONSTRAINT; Schema: public; Owner: django_user
--

ALTER TABLE ONLY public.cats_catphoto
    ADD CONSTRAINT cats_catphoto_animal_id_62ee6e18_fk_cats_catinfo_id FOREIGN KEY (animal_id) REFERENCES public.cats_catinfo(id) DEFERRABLE INITIALLY DEFERRED;


--
-- Name: database_dogphoto database_animalphoto_animal_id_e5b12b72_fk_database_doginfo_id; Type: FK CONSTRAINT; Schema: public; Owner: django_user
--

ALTER TABLE ONLY public.database_dogphoto
    ADD CONSTRAINT database_animalphoto_animal_id_e5b12b72_fk_database_doginfo_id FOREIGN KEY (animal_id) REFERENCES public.database_doginfo(id) DEFERRABLE INITIALLY DEFERRED;


--
-- Name: database_catdescription database_catdescription_cat_id_706e7342_fk_database_catinfo_id; Type: FK CONSTRAINT; Schema: public; Owner: django_user
--

ALTER TABLE ONLY public.database_catdescription
    ADD CONSTRAINT database_catdescription_cat_id_706e7342_fk_database_catinfo_id FOREIGN KEY (cat_id) REFERENCES public.database_catinfo(id) DEFERRABLE INITIALLY DEFERRED;


--
-- Name: database_cathealth database_cathealth_cat_id_f1145c5b_fk_database_catinfo_id; Type: FK CONSTRAINT; Schema: public; Owner: django_user
--

ALTER TABLE ONLY public.database_cathealth
    ADD CONSTRAINT database_cathealth_cat_id_f1145c5b_fk_database_catinfo_id FOREIGN KEY (cat_id) REFERENCES public.database_catinfo(id) DEFERRABLE INITIALLY DEFERRED;


--
-- Name: database_catinfo database_catinfo_owner_id_15e7bf04_fk_database_owner_id; Type: FK CONSTRAINT; Schema: public; Owner: django_user
--

ALTER TABLE ONLY public.database_catinfo
    ADD CONSTRAINT database_catinfo_owner_id_15e7bf04_fk_database_owner_id FOREIGN KEY (owner_id) REFERENCES public.database_owner(id) DEFERRABLE INITIALLY DEFERRED;


--
-- Name: database_catphoto database_catphoto_animal_id_42d43573_fk_database_catinfo_id; Type: FK CONSTRAINT; Schema: public; Owner: django_user
--

ALTER TABLE ONLY public.database_catphoto
    ADD CONSTRAINT database_catphoto_animal_id_42d43573_fk_database_catinfo_id FOREIGN KEY (animal_id) REFERENCES public.database_catinfo(id) DEFERRABLE INITIALLY DEFERRED;


--
-- Name: database_dogdescription database_dogdescription_dog_id_3dc49892_fk_database_doginfo_id; Type: FK CONSTRAINT; Schema: public; Owner: django_user
--

ALTER TABLE ONLY public.database_dogdescription
    ADD CONSTRAINT database_dogdescription_dog_id_3dc49892_fk_database_doginfo_id FOREIGN KEY (dog_id) REFERENCES public.database_doginfo(id) DEFERRABLE INITIALLY DEFERRED;


--
-- Name: database_doghealth database_doghealth_dog_id_72747fcb_fk_database_doginfo_id; Type: FK CONSTRAINT; Schema: public; Owner: django_user
--

ALTER TABLE ONLY public.database_doghealth
    ADD CONSTRAINT database_doghealth_dog_id_72747fcb_fk_database_doginfo_id FOREIGN KEY (dog_id) REFERENCES public.database_doginfo(id) DEFERRABLE INITIALLY DEFERRED;


--
-- Name: database_doginfo database_doginfo_owner_id_f4fefb9c_fk_database_owner_id; Type: FK CONSTRAINT; Schema: public; Owner: django_user
--

ALTER TABLE ONLY public.database_doginfo
    ADD CONSTRAINT database_doginfo_owner_id_f4fefb9c_fk_database_owner_id FOREIGN KEY (owner_id) REFERENCES public.database_owner(id) DEFERRABLE INITIALLY DEFERRED;


--
-- Name: django_admin_log django_admin_log_content_type_id_c4bce8eb_fk_django_co; Type: FK CONSTRAINT; Schema: public; Owner: django_user
--

ALTER TABLE ONLY public.django_admin_log
    ADD CONSTRAINT django_admin_log_content_type_id_c4bce8eb_fk_django_co FOREIGN KEY (content_type_id) REFERENCES public.django_content_type(id) DEFERRABLE INITIALLY DEFERRED;


--
-- Name: django_admin_log django_admin_log_user_id_c564eba6_fk_auth_user_id; Type: FK CONSTRAINT; Schema: public; Owner: django_user
--

ALTER TABLE ONLY public.django_admin_log
    ADD CONSTRAINT django_admin_log_user_id_c564eba6_fk_auth_user_id FOREIGN KEY (user_id) REFERENCES public.auth_user(id) DEFERRABLE INITIALLY DEFERRED;


--
-- Name: dogs_dogdescription dogs_dogdescription_dog_id_6f2d6029_fk_dogs_doginfo_id; Type: FK CONSTRAINT; Schema: public; Owner: django_user
--

ALTER TABLE ONLY public.dogs_dogdescription
    ADD CONSTRAINT dogs_dogdescription_dog_id_6f2d6029_fk_dogs_doginfo_id FOREIGN KEY (dog_id) REFERENCES public.dogs_doginfo(id) DEFERRABLE INITIALLY DEFERRED;


--
-- Name: dogs_doghealth dogs_doghealth_dog_id_ebf73aff_fk_dogs_doginfo_id; Type: FK CONSTRAINT; Schema: public; Owner: django_user
--

ALTER TABLE ONLY public.dogs_doghealth
    ADD CONSTRAINT dogs_doghealth_dog_id_ebf73aff_fk_dogs_doginfo_id FOREIGN KEY (dog_id) REFERENCES public.dogs_doginfo(id) DEFERRABLE INITIALLY DEFERRED;


--
-- Name: dogs_doginfo dogs_doginfo_owner_id_770a3e26_fk_database_owner_id; Type: FK CONSTRAINT; Schema: public; Owner: django_user
--

ALTER TABLE ONLY public.dogs_doginfo
    ADD CONSTRAINT dogs_doginfo_owner_id_770a3e26_fk_database_owner_id FOREIGN KEY (owner_id) REFERENCES public.database_owner(id) DEFERRABLE INITIALLY DEFERRED;


--
-- Name: dogs_dogphoto dogs_dogphoto_animal_id_c6676420_fk_dogs_doginfo_id; Type: FK CONSTRAINT; Schema: public; Owner: django_user
--

ALTER TABLE ONLY public.dogs_dogphoto
    ADD CONSTRAINT dogs_dogphoto_animal_id_c6676420_fk_dogs_doginfo_id FOREIGN KEY (animal_id) REFERENCES public.dogs_doginfo(id) DEFERRABLE INITIALLY DEFERRED;


--
-- Name: taggit_taggeditem taggit_taggeditem_content_type_id_9957a03c_fk_django_co; Type: FK CONSTRAINT; Schema: public; Owner: django_user
--

ALTER TABLE ONLY public.taggit_taggeditem
    ADD CONSTRAINT taggit_taggeditem_content_type_id_9957a03c_fk_django_co FOREIGN KEY (content_type_id) REFERENCES public.django_content_type(id) DEFERRABLE INITIALLY DEFERRED;


--
-- Name: taggit_taggeditem taggit_taggeditem_tag_id_f4f5b767_fk_taggit_tag_id; Type: FK CONSTRAINT; Schema: public; Owner: django_user
--

ALTER TABLE ONLY public.taggit_taggeditem
    ADD CONSTRAINT taggit_taggeditem_tag_id_f4f5b767_fk_taggit_tag_id FOREIGN KEY (tag_id) REFERENCES public.taggit_tag(id) DEFERRABLE INITIALLY DEFERRED;


--
-- PostgreSQL database dump complete
--

